-- phpMyAdmin SQL Dump
-- version 4.2.11
-- http://www.phpmyadmin.net
--
-- Host: 127.0.0.1
-- Generation Time: 2015-09-21 08:04:12
-- 服务器版本： 5.6.21
-- PHP Version: 5.6.3

SET SQL_MODE = "NO_AUTO_VALUE_ON_ZERO";
SET time_zone = "+00:00";


/*!40101 SET @OLD_CHARACTER_SET_CLIENT=@@CHARACTER_SET_CLIENT */;
/*!40101 SET @OLD_CHARACTER_SET_RESULTS=@@CHARACTER_SET_RESULTS */;
/*!40101 SET @OLD_COLLATION_CONNECTION=@@COLLATION_CONNECTION */;
/*!40101 SET NAMES utf8 */;

--
-- Database: `tower`
--

-- --------------------------------------------------------

--
-- 表的结构 `calendar`
--

CREATE TABLE IF NOT EXISTS `calendar` (
`id` int(11) NOT NULL,
  `name` varchar(256) COLLATE utf8_bin DEFAULT NULL,
  `color` int(11) DEFAULT '1',
  `teamID` int(11) DEFAULT '0',
  `projectID` int(11) DEFAULT '0'
) ENGINE=InnoDB AUTO_INCREMENT=8 DEFAULT CHARSET=utf8 COLLATE=utf8_bin COMMENT='日历';

--
-- 转存表中的数据 `calendar`
--

INSERT INTO `calendar` (`id`, `name`, `color`, `teamID`, `projectID`) VALUES
(1, NULL, 2, 1, 1),
(2, NULL, 18, 1, 2),
(4, '2', 7, 1, 0),
(7, '3', 11, 1, 0);

-- --------------------------------------------------------

--
-- 表的结构 `collect`
--

CREATE TABLE IF NOT EXISTS `collect` (
`id` int(11) NOT NULL,
  `userID` int(11) DEFAULT '0',
  `model` int(11) DEFAULT '0',
  `value` int(11) DEFAULT '0',
  `create` datetime DEFAULT NULL
) ENGINE=InnoDB AUTO_INCREMENT=10 DEFAULT CHARSET=utf8 COLLATE=utf8_bin COMMENT='收藏';

--
-- 转存表中的数据 `collect`
--

INSERT INTO `collect` (`id`, `userID`, `model`, `value`, `create`) VALUES
(9, 1, 4, 10, '2015-04-17 13:35:14');

-- --------------------------------------------------------

--
-- 表的结构 `comment`
--

CREATE TABLE IF NOT EXISTS `comment` (
`id` int(11) NOT NULL,
  `model` int(11) DEFAULT '0',
  `value` int(11) DEFAULT '0',
  `text` text CHARACTER SET utf8 COLLATE utf8_bin,
  `create` timestamp NULL DEFAULT CURRENT_TIMESTAMP,
  `userID` int(11) DEFAULT '0'
) ENGINE=InnoDB AUTO_INCREMENT=64 DEFAULT CHARSET=latin1;

--
-- 转存表中的数据 `comment`
--

INSERT INTO `comment` (`id`, `model`, `value`, `text`, `create`, `userID`) VALUES
(1, 1, 1, '评论1', '2015-02-06 01:25:19', 1),
(2, 1, 1, '评论2', '2015-02-07 01:25:19', 1),
(3, 2, 17, '评论3', '2015-02-06 01:25:19', 1),
(4, 1, 1, 'abc', '2015-04-09 07:38:40', 1),
(5, 1, 1, 'def', '2015-04-09 07:38:52', 1),
(6, 1, 1, '1', '2015-04-09 07:43:56', 1),
(7, 1, 1, '2', '2015-04-09 07:44:24', 1),
(8, 1, 1, '3', '2015-04-09 07:44:41', 1),
(9, 1, 1, '<p>4</p>', '2015-04-09 09:09:23', 1),
(10, 1, 1, '<p>5</p>', '2015-04-09 09:10:41', 1),
(11, 1, 1, '6', '2015-04-09 09:10:48', 1),
(12, 1, 5, '<p>1</p>', '2015-04-09 09:13:23', 1),
(13, 1, 5, '<p><span style="font-size: 15px;">111111111111111111</span><span style="font-size: 15px; line-height: 1.6; background-color: transparent;">111111111111111111</span><span style="font-size: 15px; line-height: 1.6; background-color: transparent;">111111111111111111</span><span style="font-size: 15px; line-height: 1.6; background-color: transparent;">111111111111111111</span><span style="font-size: 15px; line-height: 1.6; background-color: transparent;">111111111111111111</span><span style="font-size: 15px; line-height: 1.6; background-color: transparent;">111111111111111111</span><span style="font-size: 15px; line-height: 1.6; background-color: transparent;">111111111111111111</span><span style="font-size: 15px; line-height: 1.6; background-color: transparent;">111111111111111111</span><span style="font-size: 15px; line-height: 1.6; background-color: transparent;">111111111111111111</span><span style="font-size: 15px; line-height: 1.6; background-color: transparent;">111111111111111111</span><span style="font-size: 15px; line-height: 1.6; background-color: transparent;">111111111111111111</span><span style="font-size: 15px; line-height: 1.6; background-color: transparent;">111111111111111111</span><span style="font-size: 15px; line-height: 1.6; background-color: transparent;">111111111111111111</span><span style="font-size: 15px; line-height: 1.6; background-color: transparent;">111111111111111111</span><span style="font-size: 15px; line-height: 1.6; background-color: transparent;">111111111111111111</span><span style="font-size: 15px; line-height: 1.6; background-color: transparent;">111111111111111111</span><span style="font-size: 15px; line-height: 1.6; background-color: transparent;">111111111111111111</span><span style="font-size: 15px; line-height: 1.6; background-color: transparent;">111111111111111111</span><span style="font-size: 15px; line-height: 1.6; background-color: transparent;">111111111111111111</span><span style="font-size: 15px; line-height: 1.6; background-color: transparent;">111111111111111111</span><span style="font-size: 15px; line-height: 1.6; background-color: transparent;">111111111111111111</span><span style="font-size: 15px; line-height: 1.6; background-color: transparent;">111111111111111111</span><span style="font-size: 15px; line-height: 1.6; background-color: transparent;">111111111111111111</span><span style="font-size: 15px; line-height: 1.6; background-color: transparent;">111111111111111111</span><span style="font-size: 15px; line-height: 1.6; background-color: transparent;">111111111111111111</span><br></p>', '2015-04-09 10:02:14', 1),
(14, 1, 12, '<p>；流浪猫呢<br></p>', '2015-04-11 01:14:31', 1),
(15, 1, 12, 'hgk', '2015-04-11 01:14:40', 1),
(22, 1, 20, '<p>1</p>', '2015-04-16 02:13:18', 1),
(23, 4, 4, '<p>1</p>', '2015-04-16 02:17:54', 1),
(24, 4, 4, '2', '2015-04-16 02:17:57', 1),
(25, 4, 2, '<p>1</p>', '2015-04-16 07:06:24', 1),
(26, 4, 1, '<p>9</p>', '2015-04-16 07:11:27', 1),
(27, 4, 2, '<p>8</p>', '2015-04-16 07:12:12', 1),
(28, 4, 3, '<p>1</p>', '2015-04-16 07:12:23', 1),
(29, 1, 20, '<p>2</p>', '2015-04-16 07:13:43', 1),
(30, 4, 11, '<p>7-1</p>', '2015-04-17 01:37:46', 1),
(31, 4, 7, '<p>3-1</p>', '2015-04-17 01:37:58', 1),
(32, 4, 11, '<p>7-2</p>', '2015-04-17 03:07:32', 1),
(33, 4, 11, '<p>7-3</p>', '2015-04-17 03:08:16', 1),
(34, 5, 1, '<p>a</p>', '2015-04-21 02:24:22', 1),
(35, 5, 1, 'b', '2015-04-21 02:24:25', 1),
(36, 5, 1, '<p>c</p>', '2015-04-21 02:27:15', 1),
(37, 5, 1, '<p>d</p>', '2015-04-21 02:27:22', 1),
(38, 4, 14, '<p>1</p>', '2015-04-22 07:32:54', 1),
(39, 4, 14, '<p>2</p>', '2015-04-23 05:54:18', 1),
(40, 2, 1, '<p>1</p>', '2015-04-23 08:30:15', 1),
(41, 2, 1, '<p>2</p>', '2015-04-23 08:30:26', 1),
(42, 2, 1, '<p>3</p>', '2015-04-23 08:40:59', 1),
(43, 1, 20, '<p>3</p>', '2015-04-24 01:04:33', 1),
(44, 1, 20, '<p>1</p>', '2015-04-27 01:14:06', 1),
(45, 6, 1, '<p>1</p>', '2015-04-30 00:55:19', 1),
(46, 6, 1, '<p>2</p>', '2015-04-30 00:58:23', 1),
(47, 6, 7, '<p>1</p>', '2015-04-30 00:58:37', 1),
(48, 6, 7, '<p>2</p>', '2015-04-30 01:01:32', 1),
(49, 7, 2, '<p>2</p>', '2015-05-08 03:29:19', 1),
(50, 7, 2, '<p>3</p>', '2015-05-08 03:32:07', 1),
(51, 7, 3, '<p>1</p>', '2015-05-08 03:35:00', 1),
(52, 6, 3, '<p>1</p>', '2015-05-08 05:38:57', 1),
(53, 6, 10, '<p>1</p>', '2015-07-07 06:48:22', 1),
(54, 6, 10, '<p>2</p>', '2015-07-07 06:49:01', 1),
(55, 2, 31, '<p>1</p>', '2015-08-14 13:22:31', 1),
(56, 2, 31, '<p>1</p>', '2015-08-14 13:22:53', 1),
(60, 2, 32, '<p>7</p>', '2015-08-14 14:11:09', 1),
(61, 2, 32, '<p>8</p>', '2015-08-14 14:12:57', 1),
(62, 1, 6, '<p>1</p>', '2015-09-06 00:56:49', 1),
(63, 6, 12, '<p>1</p>', '2015-09-06 08:22:02', 1);

-- --------------------------------------------------------

--
-- 表的结构 `dir`
--

CREATE TABLE IF NOT EXISTS `dir` (
`id` int(11) NOT NULL,
  `name` varchar(256) COLLATE utf8_bin DEFAULT NULL,
  `projectID` int(11) DEFAULT '0',
  `parentID` int(11) DEFAULT '0',
  `link` varchar(256) COLLATE utf8_bin DEFAULT NULL,
  `update` datetime DEFAULT CURRENT_TIMESTAMP
) ENGINE=InnoDB AUTO_INCREMENT=42 DEFAULT CHARSET=utf8 COLLATE=utf8_bin COMMENT='文件夹';

--
-- 转存表中的数据 `dir`
--

INSERT INTO `dir` (`id`, `name`, `projectID`, `parentID`, `link`, `update`) VALUES
(29, 'Name', 1, 0, '-', '2015-05-07 20:22:40'),
(31, '新的文件夹-1', 1, 0, '-', '2015-05-07 20:22:28'),
(34, 'bb', 1, 29, '-29-', '2015-08-21 09:12:27'),
(36, 'b-2', 1, 34, '-29-34-', '2015-08-21 09:14:57'),
(37, 'b-3-new', 1, 36, '-29-34-36-', '2015-08-21 09:15:07'),
(41, 'cc', 1, 29, '-29-', '2015-08-21 09:54:27');

-- --------------------------------------------------------

--
-- 表的结构 `discuss`
--

CREATE TABLE IF NOT EXISTS `discuss` (
`id` int(11) NOT NULL,
  `model` int(11) DEFAULT '0',
  `value` int(11) DEFAULT '0',
  `order` int(11) DEFAULT '0',
  `archive` int(11) DEFAULT '0' COMMENT '归档',
  `deleted` int(11) NOT NULL DEFAULT '0',
  `update` datetime DEFAULT CURRENT_TIMESTAMP
) ENGINE=InnoDB AUTO_INCREMENT=39 DEFAULT CHARSET=utf8 COLLATE=utf8_bin COMMENT='讨论';

--
-- 转存表中的数据 `discuss`
--

INSERT INTO `discuss` (`id`, `model`, `value`, `order`, `archive`, `deleted`, `update`) VALUES
(1, 4, 1, 0, 0, 0, '2015-04-16 15:11:27'),
(2, 4, 2, 0, 0, 0, '2015-04-16 15:12:12'),
(3, 4, 3, 0, 0, 0, '2015-04-16 15:12:23'),
(4, 4, 4, 0, 0, 0, '2015-04-16 08:49:35'),
(5, 1, 20, 0, 0, 0, '2015-04-27 09:14:06'),
(6, 4, 5, 0, 0, 0, '2015-04-16 17:44:24'),
(7, 4, 6, 0, 0, 0, '2015-04-16 17:44:45'),
(8, 4, 7, 0, 0, 1, '2015-04-17 09:37:58'),
(9, 4, 8, 0, 0, 0, '2015-04-16 17:50:45'),
(10, 4, 9, 0, 0, 0, '2015-04-16 17:50:59'),
(11, 4, 10, 0, 0, 1, '2015-04-16 17:53:13'),
(12, 4, 11, 0, 0, 1, '2015-04-17 11:08:16'),
(13, 4, 12, 0, 0, 1, '2015-04-17 10:55:57'),
(14, 4, 13, 0, 0, 1, '2015-04-17 11:07:11'),
(15, 5, 1, 0, 0, 0, '2015-04-21 10:27:22'),
(16, 4, 14, 0, 0, 0, '2015-04-23 13:54:18'),
(17, 4, 15, 0, 0, 0, '2015-04-22 10:25:57'),
(18, 4, 16, 0, 0, 0, '2015-04-22 10:55:26'),
(19, 4, 17, 0, 0, 0, '2015-04-22 17:45:13'),
(20, 4, 18, 0, 0, 0, '2015-04-22 17:49:52'),
(21, 2, 1, 0, 0, 0, '2015-04-23 16:40:59'),
(22, 6, 1, 0, 0, 0, '2015-04-30 08:58:23'),
(23, 6, 7, 0, 0, 0, '2015-04-30 09:01:33'),
(24, 7, 2, 0, 0, 0, '2015-05-08 11:32:08'),
(25, 7, 3, 0, 0, 0, '2015-05-08 11:35:00'),
(26, 6, 3, 0, 0, 0, '2015-05-08 13:38:57'),
(27, 4, 19, 0, 0, 0, '2015-06-23 16:49:22'),
(28, 4, 20, 0, 1, 0, '2015-06-23 16:53:17'),
(29, 4, 21, 1439098322, 0, 0, '2015-06-23 17:22:44'),
(30, 4, 22, 0, 0, 0, '2015-06-23 17:22:51'),
(31, 4, 29, 0, 0, 0, '2015-08-08 18:45:19'),
(32, 4, 30, 0, 0, 0, '2015-08-09 17:53:24'),
(33, 4, 31, 0, 0, 0, '2015-08-09 18:56:30'),
(34, 4, 32, 0, 0, 0, '2015-08-14 20:26:58'),
(35, 4, 33, 0, 0, 0, '2015-08-14 20:31:25'),
(36, 2, 32, 0, 0, 0, '2015-08-14 22:12:57'),
(37, 1, 6, 0, 0, 0, '0000-00-00 00:00:00'),
(38, 6, 12, 0, 0, 0, '0000-00-00 00:00:00');

-- --------------------------------------------------------

--
-- 表的结构 `doc`
--

CREATE TABLE IF NOT EXISTS `doc` (
`id` int(11) NOT NULL,
  `name` varchar(256) COLLATE utf32_bin DEFAULT NULL,
  `text` text COLLATE utf32_bin,
  `userID` int(11) DEFAULT '0',
  `projectID` int(11) DEFAULT '0',
  `deleted` int(11) DEFAULT '0',
  `update` datetime DEFAULT CURRENT_TIMESTAMP,
  `create` datetime DEFAULT CURRENT_TIMESTAMP
) ENGINE=InnoDB AUTO_INCREMENT=9 DEFAULT CHARSET=utf32 COLLATE=utf32_bin COMMENT='文档';

--
-- 转存表中的数据 `doc`
--

INSERT INTO `doc` (`id`, `name`, `text`, `userID`, `projectID`, `deleted`, `update`, `create`) VALUES
(1, '11', '[object Object]', 1, 1, 0, '2015-05-08 10:56:27', '2015-05-08 10:56:27'),
(2, '2', '<p>2</p>', 1, 1, 0, '2015-05-08 11:12:21', '2015-05-08 11:12:21'),
(3, '文档3', '<p>内容3</p>', 1, 1, 0, '2015-05-08 11:34:50', '2015-05-08 11:34:50'),
(4, '文档4', '<p>内容4</p>', 1, 1, 0, '2015-05-08 11:59:08', '2015-05-08 11:59:08'),
(5, '文档5', '<p><br></p>', 1, 1, 0, '2015-05-08 11:59:38', '2015-05-08 11:59:38'),
(6, '文档6', '<p><br></p>', 1, 1, 0, '2015-05-08 11:59:47', '2015-05-08 11:59:47'),
(7, '文档7', '<p>neirong 77</p>', 1, 1, 0, '2015-05-08 11:59:55', '2015-05-08 11:59:55'),
(8, 'ee', '<p>ee</p>', 1, 1, 0, '2015-08-18 20:22:33', '2015-08-18 20:22:33');

-- --------------------------------------------------------

--
-- 表的结构 `event`
--

CREATE TABLE IF NOT EXISTS `event` (
`id` int(11) NOT NULL,
  `name` varchar(256) COLLATE utf8_bin DEFAULT NULL,
  `start` datetime DEFAULT NULL,
  `end` datetime DEFAULT NULL,
  `address` varchar(256) COLLATE utf8_bin DEFAULT NULL,
  `userID` int(11) DEFAULT '0',
  `calendarID` int(11) DEFAULT '0'
) ENGINE=InnoDB AUTO_INCREMENT=13 DEFAULT CHARSET=utf8 COLLATE=utf8_bin COMMENT='日程';

--
-- 转存表中的数据 `event`
--

INSERT INTO `event` (`id`, `name`, `start`, `end`, `address`, `userID`, `calendarID`) VALUES
(1, 'Name1', '2015-04-29 00:00:00', '2015-04-29 23:59:59', '上海', 1, 1),
(2, 'Name2', '2015-04-29 00:00:00', '2015-04-29 23:59:59', '上海', 1, 1),
(3, 'Name3', '2015-03-16 00:00:00', '2015-06-11 23:59:59', '上海', 1, 1),
(4, 'Name6', '2015-04-29 00:00:00', '2015-04-29 23:59:59', '上海', 1, 1),
(5, 'Name6', '2015-04-29 00:00:00', '2015-04-29 23:59:59', '上海', 1, 1),
(6, 'Name6', '2015-04-29 00:00:00', '2015-04-29 23:59:59', '上海', 1, 1),
(7, 'Name6', '2015-04-29 00:00:00', '2015-04-29 23:59:59', '上海', 1, 1),
(8, '啊啊', '2015-05-08 00:00:00', '2015-06-19 00:00:00', '韶关', 1, 1),
(9, '版本', '2015-04-07 00:00:00', '2015-06-25 00:00:00', '江门', 1, 1),
(10, '常错', '2015-05-08 00:00:00', '2015-08-13 00:00:00', '惠州', 1, 1),
(11, '到的', '2015-05-08 00:00:00', '2015-05-08 00:00:00', '阳江', 1, 1),
(12, 'event', '2015-06-25 00:00:00', '2015-07-01 00:00:00', '北京', 1, 4);

-- --------------------------------------------------------

--
-- 表的结构 `event_user`
--

CREATE TABLE IF NOT EXISTS `event_user` (
`id` int(11) NOT NULL,
  `eventID` int(11) DEFAULT '0',
  `userID` int(11) DEFAULT '0'
) ENGINE=InnoDB AUTO_INCREMENT=14 DEFAULT CHARSET=latin1;

--
-- 转存表中的数据 `event_user`
--

INSERT INTO `event_user` (`id`, `eventID`, `userID`) VALUES
(4, 3, 2),
(5, 3, 4),
(6, 4, 2),
(7, 4, 3),
(8, 5, 2),
(9, 5, 3),
(10, 6, 2),
(11, 6, 3),
(12, 7, 2),
(13, 7, 3);

-- --------------------------------------------------------

--
-- 表的结构 `file`
--

CREATE TABLE IF NOT EXISTS `file` (
`id` int(11) NOT NULL,
  `name` varchar(256) COLLATE utf8_bin DEFAULT NULL,
  `temp` varchar(256) COLLATE utf8_bin DEFAULT NULL COMMENT '实际文件名',
  `size` int(11) DEFAULT '0',
  `userID` int(11) DEFAULT '0',
  `projectID` int(11) DEFAULT '0',
  `dirID` int(11) DEFAULT '0',
  `version` int(11) DEFAULT '1',
  `deleted` int(11) DEFAULT '0',
  `update` datetime DEFAULT CURRENT_TIMESTAMP,
  `create` datetime DEFAULT CURRENT_TIMESTAMP
) ENGINE=InnoDB AUTO_INCREMENT=2 DEFAULT CHARSET=utf8 COLLATE=utf8_bin;

--
-- 转存表中的数据 `file`
--

INSERT INTO `file` (`id`, `name`, `temp`, `size`, `userID`, `projectID`, `dirID`, `version`, `deleted`, `update`, `create`) VALUES
(1, 'Name.txt', 'Temp.txt', 10, 1, 1, 37, 1, 0, '2015-05-06 17:05:56', '2015-04-21 09:32:58');

-- --------------------------------------------------------

--
-- 表的结构 `ip`
--

CREATE TABLE IF NOT EXISTS `ip` (
`id` int(11) NOT NULL,
  `value` varchar(255) COLLATE utf8_bin DEFAULT NULL,
  `look` varchar(255) COLLATE utf8_bin DEFAULT NULL COMMENT 'sina ip查询',
  `area` varchar(255) COLLATE utf8_bin DEFAULT NULL
) ENGINE=InnoDB AUTO_INCREMENT=6 DEFAULT CHARSET=utf8 COLLATE=utf8_bin COMMENT='ip地址表';

--
-- 转存表中的数据 `ip`
--

INSERT INTO `ip` (`id`, `value`, `look`, `area`) VALUES
(1, '127.0.0.1', '{"ret":1,"start":-1,"end":-1,"country":"\\u4e2d\\u56fd","province":"\\u5e7f\\u4e1c","city":"\\u5e7f\\u5dde","district":"","isp":"","type":"","desc":""}', '广东省广州市'),
(2, '183.63.100.19', '{"ret":1,"start":-1,"end":-1,"country":"\\u4e2d\\u56fd","province":"\\u5e7f\\u4e1c","city":"\\u5e7f\\u5dde","district":"","isp":"","type":"","desc":""}', '广东省广州市'),
(3, '183.63.100.10', '{"ret":1,"start":-1,"end":-1,"country":"\\u4e2d\\u56fd","province":"\\u5e7f\\u4e1c","city":"\\u5e7f\\u5dde","district":"","isp":"","type":"","desc":""}', '广东省广州市'),
(4, '::1', NULL, NULL),
(5, '10.8.8.65', '{"ret":-1,"ip":"10.8.8.65"}', '');

-- --------------------------------------------------------

--
-- 表的结构 `item`
--

CREATE TABLE IF NOT EXISTS `item` (
`id` int(11) NOT NULL,
  `name` varchar(256) COLLATE utf8_bin DEFAULT NULL,
  `projectID` int(11) DEFAULT '0',
  `description` varchar(256) COLLATE utf8_bin DEFAULT NULL,
  `type` int(11) DEFAULT '1' COMMENT '1-普通清单，2-项目直属清单（未归类任务）',
  `archive` int(11) DEFAULT '0',
  `deleted` int(11) DEFAULT '0'
) ENGINE=InnoDB AUTO_INCREMENT=38 DEFAULT CHARSET=utf8 COLLATE=utf8_bin COMMENT='项目-清单';

--
-- 转存表中的数据 `item`
--

INSERT INTO `item` (`id`, `name`, `projectID`, `description`, `type`, `archive`, `deleted`) VALUES
(1, '诗歌节', 1, '时光机', 1, 0, 1),
(2, '课题资源', 1, NULL, 1, 0, 0),
(11, '清单1', 2, 'qd1', 1, 0, 0),
(12, '清单3', 1, '说明', 1, 0, 1),
(13, '清单3', 1, '说明', 1, 0, 1),
(14, '清单4', 1, '说明4', 1, 0, 1),
(15, '清单5', 1, '说明5', 1, 0, 1),
(16, '清单5', 1, '说明5', 1, 0, 1),
(17, '清单5', 1, '说明5', 1, 1, 0),
(18, '清单2', 2, '', 1, 0, 0),
(19, '5545', 1, '', 1, 0, 1),
(20, '1', 1, '1', 1, 0, 1),
(21, '', 1, '', 2, 0, 0),
(22, NULL, 2, NULL, 2, 0, 0),
(23, NULL, 3, NULL, 2, 0, 0),
(24, NULL, 4, NULL, 2, 0, 0),
(25, NULL, 7, NULL, 2, 0, 0),
(26, NULL, 8, NULL, 2, 0, 0),
(27, NULL, 9, NULL, 2, 0, 0),
(28, NULL, 10, NULL, 2, 0, 0),
(31, '4', 1, '4', 1, 0, 0),
(32, '5', 1, '5', 1, 0, 0),
(33, NULL, 0, NULL, 1, 0, 0),
(34, NULL, 0, NULL, 1, 0, 0),
(35, NULL, 0, NULL, 1, 0, 0),
(36, NULL, 0, NULL, 1, 0, 0),
(37, NULL, 11, NULL, 2, 0, 0);

-- --------------------------------------------------------

--
-- 表的结构 `operation`
--

CREATE TABLE IF NOT EXISTS `operation` (
`id` int(11) NOT NULL,
  `userID` int(11) DEFAULT '0',
  `type` int(11) DEFAULT '0',
  `text` varchar(256) COLLATE utf8_bin DEFAULT NULL,
  `value` int(11) DEFAULT '0',
  `create` timestamp NULL DEFAULT CURRENT_TIMESTAMP,
  `model` int(11) DEFAULT '0',
  `withID` int(11) DEFAULT '0' COMMENT '以'
) ENGINE=InnoDB AUTO_INCREMENT=444 DEFAULT CHARSET=utf8 COLLATE=utf8_bin COMMENT='任务-操作';

--
-- 转存表中的数据 `operation`
--

INSERT INTO `operation` (`id`, `userID`, `type`, `text`, `value`, `create`, `model`, `withID`) VALUES
(1, 1, 1, '为 陈泽升 创建了任务', 1, '2015-01-17 19:16:59', 1, NULL),
(2, 1, 2, '开始处理这条任务', 1, '2015-01-05 20:14:42', 1, NULL),
(3, 1, 3, '暂停处理这条任务', 1, '2015-01-27 23:15:31', 1, NULL),
(4, 1, 3, '暂停处理这条任务', 2, '2015-03-01 03:23:51', 1, NULL),
(5, 1, 2, '开始处理这条任务', 1, '2015-03-01 03:24:33', 1, NULL),
(6, 1, 3, '暂停处理这条任务', 1, '2015-03-01 03:25:37', 1, NULL),
(7, 1, 2, '开始处理这条任务', 2, '2015-03-01 03:25:38', 1, NULL),
(8, 1, 3, '暂停处理这条任务', 2, '2015-03-01 03:45:06', 1, NULL),
(9, 1, 2, '开始处理这条任务', 1, '2015-03-01 03:45:06', 1, NULL),
(10, 1, 3, '暂停处理这条任务', 1, '2015-03-01 03:45:39', 1, NULL),
(11, 1, 2, '开始处理这条任务', 2, '2015-03-01 03:45:39', 1, NULL),
(12, 1, 3, '暂停处理这条任务', 2, '2015-03-01 05:37:51', 1, NULL),
(13, 1, 2, '开始处理这条任务', 1, '2015-03-01 05:37:51', 1, NULL),
(14, 1, 3, '暂停处理这条任务', 1, '2015-03-01 05:50:00', 1, NULL),
(15, 1, 2, '开始处理这条任务', 2, '2015-03-01 05:50:00', 1, NULL),
(16, 1, 3, '暂停处理这条任务', 2, '2015-03-01 05:50:34', 1, NULL),
(17, 1, 2, '开始处理这条任务', 1, '2015-03-01 05:50:34', 1, NULL),
(18, 1, 3, '暂停处理这条任务', 1, '2015-03-01 05:55:10', 1, NULL),
(19, 1, 2, '开始处理这条任务', 2, '2015-03-01 05:55:10', 1, NULL),
(20, 1, 3, '暂停处理这条任务', 2, '2015-03-01 05:57:21', 1, NULL),
(21, 1, 2, '开始处理这条任务', 3, '2015-03-01 05:57:21', 1, NULL),
(22, 1, 3, '暂停处理这条任务', 3, '2015-03-01 05:57:24', 1, NULL),
(23, 1, 2, '开始处理这条任务', 4, '2015-03-01 05:57:24', 1, NULL),
(24, 1, 3, '暂停处理这条任务', 4, '2015-03-01 05:57:27', 1, NULL),
(25, 1, 2, '开始处理这条任务', 5, '2015-03-01 05:57:27', 1, NULL),
(26, 1, 3, '暂停处理这条任务', 5, '2015-03-01 05:58:41', 1, NULL),
(27, 1, 2, '开始处理这条任务', 1, '2015-03-01 06:20:10', 1, NULL),
(28, 1, 3, '暂停处理这条任务', 1, '2015-03-01 06:25:48', 1, NULL),
(29, 1, 2, '开始处理这条任务', 2, '2015-03-01 06:25:48', 1, NULL),
(30, 1, 3, '暂停处理这条任务', 2, '2015-03-01 06:28:15', 1, NULL),
(31, 1, 2, '开始处理这条任务', 1, '2015-03-01 06:28:15', 1, NULL),
(32, 1, 3, '暂停处理这条任务', 1, '2015-03-01 06:28:18', 1, NULL),
(33, 1, 2, '开始处理这条任务', 2, '2015-03-01 06:28:18', 1, NULL),
(34, 1, 3, '暂停处理这条任务', 2, '2015-03-01 06:28:22', 1, NULL),
(35, 1, 2, '开始处理这条任务', 3, '2015-03-01 06:28:22', 1, NULL),
(36, 1, 3, '暂停处理这条任务', 3, '2015-03-01 06:28:41', 1, NULL),
(37, 1, 2, '开始处理这条任务', 4, '2015-03-01 06:28:41', 1, NULL),
(38, 1, 3, '暂停处理这条任务', 4, '2015-03-01 06:29:25', 1, NULL),
(39, 1, 2, '开始处理这条任务', 1, '2015-03-01 06:29:25', 1, NULL),
(40, 1, 3, '暂停处理这条任务', 1, '2015-03-01 06:29:49', 1, NULL),
(41, 1, 2, '开始处理这条任务', 1, '2015-03-01 06:30:42', 1, NULL),
(42, 1, 3, '暂停处理这条任务', 1, '2015-03-01 06:30:46', 1, NULL),
(43, 1, 2, '开始处理这条任务', 1, '2015-03-01 06:32:49', 1, NULL),
(44, 1, 3, '暂停处理这条任务', 1, '2015-03-01 06:32:53', 1, NULL),
(45, 1, 2, '开始处理这条任务', 1, '2015-03-01 06:32:55', 1, NULL),
(46, 1, 3, '暂停处理这条任务', 1, '2015-03-01 06:32:57', 1, NULL),
(47, 1, 2, '开始处理这条任务', 1, '2015-03-01 06:33:16', 1, NULL),
(48, 1, 3, '暂停处理这条任务', 1, '2015-03-01 06:33:18', 1, NULL),
(49, 1, 2, '创建了任务', 10, '2015-03-01 08:48:37', 1, NULL),
(50, 1, 2, '开始处理这条任务', 1, '2015-03-02 01:18:54', 1, NULL),
(51, 1, 3, '暂停处理这条任务', 1, '2015-03-02 01:18:59', 1, NULL),
(52, 1, 2, '开始处理这条任务', 2, '2015-03-02 01:18:59', 1, NULL),
(53, 1, 3, '暂停处理这条任务', 2, '2015-03-02 01:19:02', 1, NULL),
(54, 1, 2, '开始处理这条任务', 1, '2015-03-02 01:19:02', 1, NULL),
(55, 1, 3, '暂停处理这条任务', 1, '2015-03-02 01:19:14', 1, NULL),
(56, 1, 2, '开始处理这条任务', 2, '2015-03-02 01:19:14', 1, NULL),
(57, 1, 3, '暂停处理这条任务', 2, '2015-03-02 01:20:18', 1, NULL),
(58, 1, 2, '开始处理这条任务', 6, '2015-03-02 01:20:18', 1, NULL),
(59, 1, 3, '暂停处理这条任务', 6, '2015-03-02 01:20:30', 1, NULL),
(60, 1, 2, '开始处理这条任务', 7, '2015-03-02 01:20:30', 1, NULL),
(70, 1, 3, '暂停处理这条任务', 7, '2015-03-02 02:22:05', 1, NULL),
(72, 1, 1, '创建了清单', 11, '2015-03-02 03:10:59', 2, NULL),
(73, 1, 1, '创建了任务', 12, '2015-03-02 03:11:09', 1, NULL),
(74, 1, 6, '删除了任务', 10, '2015-03-01 19:16:25', 1, NULL),
(75, 1, 6, '删除了任务', 9, '2015-03-02 21:20:30', 1, NULL),
(76, 1, 6, '删除了任务', 5, '2015-03-03 01:17:55', 1, NULL),
(77, 1, 1, '创建了清单', 12, '2015-03-03 01:35:41', 2, NULL),
(78, 1, 1, '添加了任务', 13, '2015-03-03 01:35:48', 1, NULL),
(79, 1, 6, '删除了清单', 12, '2015-03-03 01:35:55', 2, NULL),
(80, 1, 7, '恢复了任务', 5, '2015-03-03 02:23:47', 1, NULL),
(81, 1, 6, '删除了任务', 10, '2015-03-03 02:30:13', 1, NULL),
(82, 1, 6, '删除了任务', 9, '2015-03-03 02:30:17', 1, NULL),
(83, 1, 7, '恢复了任务', 9, '2015-03-03 02:30:25', 1, NULL),
(84, 1, 7, '恢复了任务', 10, '2015-03-03 02:31:00', 1, NULL),
(85, 1, 2, '开始处理这条任务', 1, '2015-03-03 02:32:46', 1, NULL),
(86, 1, 3, '暂停处理这条任务', 1, '2015-03-03 02:33:19', 1, NULL),
(87, 1, 2, '开始处理这条任务', 2, '2015-03-03 02:33:19', 1, NULL),
(88, 1, 3, '暂停处理这条任务', 2, '2015-03-03 02:35:42', 1, NULL),
(89, 1, 2, '开始处理这条任务', 1, '2015-03-03 02:35:42', 1, NULL),
(90, 1, 3, '暂停处理这条任务', 1, '2015-03-03 13:58:15', 1, NULL),
(91, 1, 2, '开始处理这条任务', 10, '2015-03-03 13:58:15', 1, NULL),
(92, 1, 1, '创建了清单', 13, '2015-03-03 13:59:12', 2, NULL),
(93, 1, 1, '添加了任务', 14, '2015-03-03 13:59:23', 1, NULL),
(94, 1, 8, '把 方片周 的任务指派给 李展东', 6, '2015-03-06 03:01:08', 1, NULL),
(96, 1, 8, '把 李展东 的任务指派给 李展东', 6, '2015-03-06 03:01:47', 1, NULL),
(98, 1, 8, '把 李展东 的任务指派给 李展东', 6, '2015-03-06 03:01:51', 1, NULL),
(100, 1, 8, '把 李展东 的任务指派给 李展东', 6, '2015-03-06 03:05:31', 1, NULL),
(102, 1, 8, '把 方片周 的任务指派给 李展东', 7, '2015-03-06 03:05:37', 1, NULL),
(104, 1, 8, '把 方片周 的任务指派给 李展东', 10, '2015-03-06 03:05:51', 1, NULL),
(106, 1, 8, '把 李展东 的任务指派给 方片周', 10, '2015-03-06 03:07:30', 1, NULL),
(108, 1, 8, '把 方片周 的任务指派给 李展东', 5, '2015-03-06 03:09:35', 1, NULL),
(109, 1, 2, '开始处理这条任务', 6, '2015-03-06 03:13:16', 1, NULL),
(110, 1, 8, '把 方片周 的任务指派给 李展东', 6, '2015-03-06 03:13:23', 1, NULL),
(111, 1, 8, '把  的任务指派给 李展东', 14, '2015-03-06 03:15:06', 1, NULL),
(112, 1, 8, '把 李展东 的任务指派给 李展东', 14, '2015-03-06 03:39:27', 1, NULL),
(113, 1, 8, '取消了李展东的任务', 14, '2015-03-06 03:39:33', 1, NULL),
(114, 1, 8, '把 方片周 的任务指派给 方片周', 10, '2015-03-06 03:41:43', 1, NULL),
(115, 1, 8, '把 方片周 的任务指派给 方片周', 10, '2015-03-06 03:42:08', 1, NULL),
(116, 1, 8, '取消了方片周的任务', 10, '2015-03-06 03:43:00', 1, NULL),
(117, 1, 8, '把任务指派给 方片周', 10, '2015-03-06 03:43:04', 1, NULL),
(118, 1, 8, '把 李展东 的任务指派给 李展东', 6, '2015-03-06 03:45:13', 1, NULL),
(119, 1, 6, '删除了清单', 13, '2015-03-06 03:54:48', 2, NULL),
(120, 1, 6, '删除了任务', 10, '2015-03-06 03:55:37', 1, NULL),
(121, 1, 8, '把任务指派给 李展东', 9, '2015-03-06 05:37:33', 1, NULL),
(122, 1, 8, '把任务指派给 方片周', 8, '2015-03-06 05:38:03', 1, NULL),
(123, 1, 8, '取消了方片周的任务', 4, '2015-03-06 06:00:08', 1, NULL),
(124, 1, 8, '把任务指派给 李展东', 4, '2015-03-06 06:05:21', 1, NULL),
(125, 1, 8, '把 方片周 的任务指派给 李展东', 3, '2015-03-06 06:07:37', 1, NULL),
(126, 1, 7, '恢复了任务', 10, '2015-03-06 06:08:20', 1, NULL),
(127, 1, 9, '将任务完成时间从  修改为 2015-04-02 00:00:00', 10, '2015-03-06 06:19:45', 1, NULL),
(128, 1, 9, '将任务完成时间从 2015-04-02 00:00:00 修改为 ', 10, '2015-03-06 06:23:54', 1, NULL),
(129, 1, 9, '将任务完成时间从 没有截止日期 修改为 2015-03-07 00:00:00', 6, '2015-03-06 06:30:31', 1, NULL),
(130, 1, 9, '将任务完成时间从 2015-03-07 00:00:00 修改为 没有截止日期', 6, '2015-03-06 06:32:16', 1, NULL),
(131, 1, 9, '将任务完成时间从 没有截止日期 修改为 {time:2015-01-01 00:00:00}', 6, '2015-03-06 07:22:14', 1, NULL),
(132, 1, 9, '将任务完成时间从 {time:2015-01-01 00:00:00} 修改为 没有截止日期', 6, '2015-03-06 07:24:00', 1, NULL),
(133, 1, 1, '创建了清单', 14, '2015-03-06 08:35:05', 2, NULL),
(134, 1, 1, '添加了任务', 15, '2015-03-06 08:35:15', 1, NULL),
(135, 1, 1, '创建了清单', 15, '2015-03-06 08:36:29', 2, NULL),
(136, 1, 1, '创建了清单', 16, '2015-03-06 08:37:03', 2, NULL),
(137, 1, 1, '创建了清单', 17, '2015-03-06 08:37:40', 2, NULL),
(138, 1, 1, '添加了任务', 16, '2015-03-06 08:37:49', 1, NULL),
(139, 1, 6, '删除了清单', 16, '2015-03-06 08:38:08', 2, NULL),
(140, 1, 6, '删除了清单', 15, '2015-03-06 08:38:11', 2, NULL),
(141, 1, 6, '删除了清单', 17, '2015-03-06 08:43:29', 2, NULL),
(142, 1, 7, '恢复了清单', 17, '2015-03-06 08:53:10', 2, NULL),
(143, 1, 6, '删除了清单', 17, '2015-03-06 08:56:59', 2, NULL),
(144, 1, 2, '开始处理这条任务', 4, '2015-03-09 01:11:33', 1, NULL),
(145, 1, 3, '暂停处理这条任务', 4, '2015-03-09 01:11:36', 1, NULL),
(146, 1, 8, '把任务指派给 方片周', 12, '2015-03-11 03:11:41', 1, NULL),
(147, 1, 1, '添加了任务', 17, '2015-03-11 03:25:25', 1, NULL),
(148, 1, 8, '把任务指派给 方片周', 17, '2015-03-11 03:25:42', 1, NULL),
(149, 1, 8, '把 方片周 的任务指派给 陈协纯', 10, '2015-03-11 05:52:31', 1, NULL),
(150, 1, 4, '完成了任务', 10, '2015-03-08 06:57:34', 1, NULL),
(152, 1, 4, '完成了任务', 9, '2015-03-11 07:01:35', 1, NULL),
(153, 1, 4, '完成了任务', 8, '2015-03-11 07:01:45', 1, NULL),
(154, 1, 4, '完成了任务', 7, '2015-03-11 07:01:50', 1, NULL),
(155, 1, 4, '完成了任务', 17, '2015-03-11 07:59:19', 1, NULL),
(156, 1, 1, '创建了清单', 18, '2015-03-11 08:00:13', 2, NULL),
(157, 1, 1, '添加了任务', 18, '2015-03-11 08:00:20', 1, NULL),
(158, 1, 4, '完成了任务', 18, '2015-03-11 08:00:27', 1, NULL),
(159, 1, 6, '删除了清单', 17, '2015-03-13 09:41:41', 2, NULL),
(160, 1, 6, '删除了清单', 16, '2015-03-13 09:41:43', 2, NULL),
(161, 1, 6, '删除了清单', 15, '2015-03-13 09:41:46', 2, NULL),
(162, 1, 6, '删除了清单', 14, '2015-03-13 09:41:51', 2, NULL),
(163, 1, 6, '删除了清单', 13, '2015-03-13 09:41:53', 2, NULL),
(164, 1, 8, '把任务指派给 方片周', 13, '2015-03-13 09:42:25', 1, NULL),
(165, 1, 6, '删除了清单', 12, '2015-03-13 09:42:36', 2, NULL),
(166, 1, 2, '开始处理这条任务', 13, '2015-04-02 02:09:19', 1, NULL),
(167, 1, 3, '暂停处理这条任务', 13, '2015-04-02 02:10:56', 1, NULL),
(168, 1, 2, '开始处理这条任务', 1, '2015-04-02 02:10:56', 1, NULL),
(169, 1, 3, '暂停处理这条任务', 1, '2015-04-02 02:11:00', 1, NULL),
(170, 1, 2, '开始处理这条任务', 3, '2015-04-02 02:11:00', 1, NULL),
(171, 1, 3, '暂停处理这条任务', 3, '2015-04-02 02:14:14', 1, NULL),
(172, 1, 2, '开始处理这条任务', 2, '2015-04-02 02:14:15', 1, NULL),
(173, 1, 3, '暂停处理这条任务', 2, '2015-04-02 02:20:25', 1, NULL),
(174, 1, 2, '开始处理这条任务', 3, '2015-04-02 02:20:25', 1, NULL),
(175, 1, 3, '暂停处理这条任务', 3, '2015-04-02 02:20:29', 1, NULL),
(176, 1, 2, '开始处理这条任务', 13, '2015-04-02 02:20:29', 1, NULL),
(177, 1, 3, '暂停处理这条任务', 13, '2015-04-02 02:20:32', 1, NULL),
(178, 2, 2, '开始处理这条任务', 6, '2015-04-09 02:26:29', 1, NULL),
(179, 1, 11, '回复了任务', 1, '2015-04-09 07:38:41', 1, 4),
(180, 1, 11, '回复了任务', 1, '2015-04-09 07:38:52', 1, 5),
(181, 1, 11, '回复了任务', 1, '2015-04-09 07:43:56', 1, 6),
(182, 1, 11, '回复了任务', 1, '2015-04-09 07:44:24', 1, 7),
(183, 1, 11, '回复了任务', 1, '2015-04-09 07:44:41', 1, 8),
(184, 1, 2, '开始处理这条任务', 1, '2015-04-09 08:04:53', 1, NULL),
(185, 1, 3, '暂停处理这条任务', 1, '2015-04-09 08:07:00', 1, NULL),
(186, 1, 2, '开始处理这条任务', 13, '2015-04-09 08:07:00', 1, NULL),
(187, 1, 11, '回复了任务', 1, '2015-04-09 09:09:23', 1, 9),
(188, 1, 11, '回复了任务', 1, '2015-04-09 09:10:41', 1, 10),
(189, 1, 11, '回复了任务', 1, '2015-04-09 09:10:48', 1, 11),
(190, 1, 11, '回复了任务', 5, '2015-04-09 09:13:23', 1, 12),
(191, 1, 11, '回复了任务', 5, '2015-04-09 10:02:14', 1, 13),
(192, 1, 1, '创建了清单', 19, '2015-04-11 01:12:30', 2, NULL),
(193, 1, 3, '暂停处理这条任务', 13, '2015-04-11 01:14:08', 1, NULL),
(194, 1, 2, '开始处理这条任务', 13, '2015-04-11 01:14:10', 1, NULL),
(195, 1, 11, '回复了任务', 12, '2015-04-11 01:14:31', 1, 14),
(196, 1, 11, '回复了任务', 12, '2015-04-11 01:14:41', 1, 15),
(197, 1, 6, '删除了清单', 19, '2015-04-11 01:16:39', 2, NULL),
(198, 1, 1, '添加了任务', 19, '2015-04-15 09:33:17', 1, NULL),
(199, 1, 6, '删除了任务', 19, '2015-04-15 09:33:25', 1, NULL),
(200, 1, 1, '添加了任务', 20, '2015-04-15 09:33:34', 1, NULL),
(201, 1, 1, '创建了讨论', 2, '2015-04-15 11:22:21', 4, NULL),
(202, 1, 1, '创建了讨论', 3, '2015-04-16 00:48:50', 4, NULL),
(203, 1, 1, '创建了讨论', 4, '2015-04-16 00:49:35', 4, NULL),
(206, 1, 11, '回复了任务', 20, '2015-04-16 02:13:18', 1, 22),
(207, 1, 11, '回复了讨论', 4, '2015-04-16 02:17:54', 4, 23),
(208, 1, 11, '回复了讨论', 4, '2015-04-16 02:17:57', 4, 24),
(209, 1, 11, '回复了讨论', 2, '2015-04-16 07:06:24', 4, 25),
(210, 1, 11, '回复了讨论', 1, '2015-04-16 07:11:27', 4, 26),
(211, 1, 11, '回复了讨论', 2, '2015-04-16 07:12:12', 4, 27),
(212, 1, 11, '回复了讨论', 3, '2015-04-16 07:12:23', 4, 28),
(213, 1, 11, '回复了任务', 20, '2015-04-16 07:13:43', 1, 29),
(214, 1, 1, '创建了讨论', 5, '2015-04-16 09:44:24', 4, NULL),
(215, 1, 1, '创建了讨论', 6, '2015-04-16 09:44:45', 4, NULL),
(216, 1, 1, '创建了讨论', 7, '2015-04-16 09:47:49', 4, NULL),
(217, 1, 1, '创建了讨论', 8, '2015-04-16 09:50:45', 4, NULL),
(218, 1, 1, '创建了讨论', 9, '2015-04-16 09:50:59', 4, NULL),
(220, 1, 1, '创建了讨论', 11, '2015-04-16 09:54:04', 4, NULL),
(221, 1, 11, '回复了讨论', 11, '2015-04-17 01:37:46', 4, 30),
(222, 1, 11, '回复了讨论', 7, '2015-04-17 01:37:58', 4, 31),
(223, 1, 1, '创建了讨论', 12, '2015-04-17 02:55:57', 4, NULL),
(224, 1, 1, '创建了讨论', 13, '2015-04-17 03:07:11', 4, NULL),
(225, 1, 11, '回复了讨论', 11, '2015-04-17 03:07:32', 4, 32),
(226, 1, 11, '回复了讨论', 11, '2015-04-17 03:08:16', 4, 33),
(227, 1, 1, '上传了文件', 1, '2015-04-20 10:00:26', 5, NULL),
(228, 1, 11, '回复了文件', 1, '2015-04-21 02:27:15', 5, 36),
(229, 1, 11, '回复了文件', 1, '2015-04-21 02:27:22', 5, 37),
(230, 1, 1, '创建了讨论', 14, '2015-04-22 02:25:21', 4, NULL),
(231, 1, 1, '创建了讨论', 15, '2015-04-22 02:25:57', 4, NULL),
(232, 1, 1, '创建了清单', 20, '2015-04-22 02:52:59', 2, NULL),
(233, 1, 1, '添加了任务', 21, '2015-04-22 02:53:08', 1, NULL),
(234, 1, 1, '创建了讨论', 16, '2015-04-22 02:55:26', 4, NULL),
(235, 1, 6, '删除了清单', 20, '2015-04-22 07:28:20', 2, NULL),
(236, 1, 11, '回复了讨论', 14, '2015-04-22 07:32:54', 4, 38),
(237, 1, 4, '完成了任务', 6, '2015-04-22 07:38:20', 1, NULL),
(238, 1, 1, '创建了讨论', 17, '2015-04-22 09:45:13', 4, NULL),
(239, 1, 1, '创建了讨论', 18, '2015-04-22 09:49:52', 4, NULL),
(240, 1, 3, '暂停处理这条任务', 13, '2015-04-22 09:58:23', 1, NULL),
(241, 1, 2, '开始处理这条任务', 1, '2015-04-22 09:58:23', 1, NULL),
(242, 1, 3, '暂停处理这条任务', 1, '2015-04-23 01:07:25', 1, NULL),
(243, 1, 2, '开始处理这条任务', 1, '2015-04-23 01:07:27', 1, NULL),
(244, 1, 3, '暂停处理这条任务', 1, '2015-04-23 01:12:12', 1, NULL),
(245, 1, 2, '开始处理这条任务', 4, '2015-04-23 01:12:12', 1, NULL),
(246, 1, 3, '暂停处理这条任务', 4, '2015-04-23 01:12:36', 1, NULL),
(247, 1, 2, '开始处理这条任务', 4, '2015-04-23 01:12:38', 1, NULL),
(248, 1, 3, '暂停处理这条任务', 4, '2015-04-23 01:12:55', 1, NULL),
(249, 1, 2, '开始处理这条任务', 4, '2015-04-23 01:12:58', 1, NULL),
(250, 1, 11, '回复了讨论', 14, '2015-04-23 05:54:18', 4, 39),
(251, 1, 7, '恢复了清单', 20, '2015-04-23 05:57:59', 2, NULL),
(252, 1, 12, '移动了清单', 1, '2015-04-23 08:04:48', 2, NULL),
(253, 1, 12, '移动了清单', 1, '2015-04-23 08:04:55', 2, NULL),
(254, 1, 12, '移动了清单', 1, '2015-04-23 08:05:27', 2, NULL),
(255, 1, 11, '回复了清单', 1, '2015-04-23 08:30:15', 2, 40),
(256, 1, 11, '回复了清单', 1, '2015-04-23 08:30:26', 2, 41),
(257, 1, 11, '回复了清单', 1, '2015-04-23 08:40:59', 2, 42),
(258, 1, 11, '回复了任务', 20, '2015-04-24 01:04:33', 1, 43),
(259, 1, 9, '将任务完成时间从 {time:2015-04-24 00:00:00} 修改为 没有截止日期', 1, '2015-04-24 08:41:26', 1, NULL),
(260, 1, 8, '把 方片周 的任务指派给 陈协纯', 1, '2015-04-24 09:41:28', 1, NULL),
(261, 1, 8, '把 陈协纯 的任务指派给 李展东', 1, '2015-04-24 09:41:39', 1, NULL),
(262, 1, 8, '把 李展东 的任务指派给 陈协纯', 1, '2015-04-24 09:43:28', 1, NULL),
(263, 1, 8, '把 陈协纯 的任务指派给 方片周', 1, '2015-04-24 09:44:49', 1, NULL),
(264, 1, 9, '将任务完成时间从 没有截止日期 修改为 {time:2015-01-01 00:00:00}', 1, '2015-04-24 09:47:38', 1, NULL),
(265, 1, 9, '将任务完成时间从 {time:2015-01-01 00:00:00} 修改为 没有截止日期', 1, '2015-04-24 09:47:55', 1, NULL),
(266, 1, 8, '把任务指派给 李展东', 20, '2015-04-24 09:49:07', 1, NULL),
(267, 1, 9, '将任务完成时间从 没有截止日期 修改为 {time:2015-01-01 00:00:00}', 20, '2015-04-24 09:49:07', 1, NULL),
(268, 1, 9, '将任务完成时间从 {time:2015-01-01 00:00:00} 修改为 没有截止日期', 20, '2015-04-24 09:50:11', 1, NULL),
(269, 1, 8, '把 李展东 的任务指派给 陈协纯', 20, '2015-04-24 09:50:42', 1, NULL),
(270, 1, 8, '把 陈协纯 的任务指派给 李展东', 20, '2015-04-24 09:52:00', 1, NULL),
(271, 1, 9, '将任务完成时间从 没有截止日期 修改为 {time:2015-01-01 00:00:00}', 20, '2015-04-24 09:52:00', 1, NULL),
(272, 1, 8, '把 李展东 的任务指派给 陈协纯', 20, '2015-04-24 09:52:08', 1, NULL),
(273, 1, 9, '将任务完成时间从 {time:2015-01-01 00:00:00} 修改为 {time:2015-01-02 59:59:59}', 20, '2015-04-24 09:58:25', 1, NULL),
(274, 1, 9, '将任务完成时间从 {time:0000-00-00 00:00:00} 修改为 {time:2015-01-02 59:59:59}', 20, '2015-04-24 09:58:34', 1, NULL),
(275, 1, 9, '将任务完成时间从 {time:0000-00-00 00:00:00} 修改为 {time:2015-01-02 23:59:59}', 20, '2015-04-24 09:59:57', 1, NULL),
(276, 1, 3, '暂停处理这条任务', 4, '2015-04-27 01:06:58', 1, NULL),
(277, 1, 2, '开始处理这条任务', 3, '2015-04-27 01:06:58', 1, NULL),
(278, 1, 3, '暂停处理这条任务', 3, '2015-04-27 01:07:02', 1, NULL),
(279, 1, 2, '开始处理这条任务', 4, '2015-04-27 01:07:02', 1, NULL),
(280, 1, 9, '将任务完成时间从 {time:2015-01-03 23:59:59} 修改为 没有截止日期', 20, '2015-04-27 01:12:51', 1, NULL),
(281, 1, 8, '把 李展东 的任务指派给 陈协纯', 20, '2015-04-27 01:12:51', 1, NULL),
(282, 1, 8, '把 陈协纯 的任务指派给 方片周', 20, '2015-04-27 01:13:09', 1, NULL),
(283, 1, 11, '回复了任务', 20, '2015-04-27 01:14:06', 1, 44),
(284, 1, 1, '创建了日程', 4, '2015-04-29 07:44:57', 6, NULL),
(285, 1, 1, '创建了日程', 5, '2015-04-29 08:23:26', 6, NULL),
(286, 1, 1, '创建了日程', 6, '2015-04-29 08:23:27', 6, NULL),
(287, 1, 1, '创建了日程', 7, '2015-04-29 08:23:28', 6, NULL),
(288, 1, 11, '回复了日程', 1, '2015-04-30 00:58:23', 6, 46),
(289, 1, 11, '回复了日程', 7, '2015-04-30 00:58:37', 6, 47),
(290, 1, 11, '回复了日程', 7, '2015-04-30 01:01:33', 6, 48),
(291, 1, 6, '删除了文件', 1, '2015-05-06 08:41:18', 5, NULL),
(292, 1, 7, '恢复了文件', 1, '2015-05-06 09:02:32', 5, NULL),
(293, 1, 6, '删除了文件', 1, '2015-05-06 09:04:56', 5, NULL),
(294, 1, 7, '恢复了文件', 1, '2015-05-06 09:05:56', 5, NULL),
(295, 1, 7, '恢复了清单', 17, '2015-05-06 09:09:05', 2, NULL),
(298, 1, 6, '删除了清单', 20, '2015-05-07 11:46:59', 2, NULL),
(299, 1, 7, '恢复了清单', 20, '2015-05-07 12:12:58', 2, NULL),
(300, 1, 6, '删除了清单', 20, '2015-05-07 12:19:26', 2, NULL),
(301, 1, 1, '创建了日程', 8, '2015-05-08 01:50:38', 6, NULL),
(302, 1, 1, '创建了日程', 9, '2015-05-08 01:51:17', 6, NULL),
(303, 1, 1, '创建了日程', 10, '2015-05-08 01:59:02', 6, NULL),
(304, 1, 1, '创建了日程', 11, '2015-05-08 02:03:26', 6, NULL),
(305, 1, 1, '创建了文档', 1, '2015-05-08 02:56:27', 7, NULL),
(306, 1, 1, '创建了文档', 2, '2015-05-08 03:12:21', 7, NULL),
(307, 1, 11, '回复了文档', 2, '2015-05-08 03:29:19', 7, 49),
(308, 1, 11, '回复了文档', 2, '2015-05-08 03:32:08', 7, 50),
(309, 1, 1, '创建了文档', 3, '2015-05-08 03:34:50', 7, NULL),
(310, 1, 11, '回复了文档', 3, '2015-05-08 03:35:00', 7, 51),
(311, 1, 1, '创建了文档', 4, '2015-05-08 03:59:08', 7, NULL),
(312, 1, 1, '创建了文档', 5, '2015-05-08 03:59:38', 7, NULL),
(313, 1, 1, '创建了文档', 6, '2015-05-08 03:59:47', 7, NULL),
(314, 1, 1, '创建了文档', 7, '2015-05-08 03:59:56', 7, NULL),
(315, 1, 11, '回复了日程', 3, '2015-05-08 05:38:57', 6, 52),
(316, 1, 15, '编辑了文档', 7, '2015-05-08 06:07:29', 7, NULL),
(317, 1, 15, '编辑了文档', 7, '2015-05-08 06:08:54', 7, NULL),
(318, 1, 1, '创建了讨论', 19, '2015-06-23 08:49:22', 4, NULL),
(319, 1, 1, '创建了讨论', 20, '2015-06-23 08:53:17', 4, NULL),
(320, 1, 1, '创建了讨论', 21, '2015-06-23 09:22:44', 4, NULL),
(321, 1, 1, '创建了讨论', 22, '2015-06-23 09:22:51', 4, NULL),
(322, 1, 3, '暂停处理这条任务', 4, '2015-07-01 07:26:36', 1, NULL),
(323, 1, 2, '开始处理这条任务', 5, '2015-07-01 07:26:36', 1, NULL),
(325, 1, 3, '暂停处理这条任务', 5, '2015-07-04 07:00:50', 1, NULL),
(326, 1, 2, '开始处理这条任务', 1, '2015-07-04 07:00:50', 1, NULL),
(327, 1, 3, '暂停处理这条任务', 1, '2015-07-06 08:15:44', 1, NULL),
(328, 1, 2, '开始处理这条任务', 13, '2015-07-06 08:15:44', 1, NULL),
(329, 1, 11, '回复了事件', 10, '2015-07-07 06:48:22', 6, 53),
(330, 1, 11, '回复了事件', 10, '2015-07-07 06:49:01', 6, 54),
(331, 1, 6, '删除了任务', 1, '2015-07-08 06:13:35', 1, NULL),
(332, 1, 6, '删除了任务', 5, '2015-07-08 06:14:00', 1, NULL),
(333, 1, 7, '恢复了任务', 5, '2015-07-08 06:15:04', 1, NULL),
(334, 1, 7, '恢复了任务', 1, '2015-07-08 06:15:21', 1, NULL),
(335, 1, 6, '删除了任务', 5, '2015-07-08 06:16:58', 1, NULL),
(336, 1, 6, '删除了任务', 4, '2015-07-08 06:17:54', 1, NULL),
(337, 1, 7, '恢复了任务', 4, '2015-07-08 06:18:03', 1, NULL),
(338, 1, 7, '恢复了任务', 5, '2015-07-08 06:18:10', 1, NULL),
(339, 1, 3, '暂停处理这条任务', 13, '2015-07-08 07:14:37', 1, NULL),
(340, 1, 2, '开始处理这条任务', 1, '2015-07-08 07:14:37', 1, NULL),
(341, 1, 3, '暂停处理这条任务', 1, '2015-07-08 07:14:43', 1, NULL),
(342, 1, 2, '开始处理这条任务', 2, '2015-07-08 07:14:43', 1, NULL),
(343, 1, 3, '暂停处理这条任务', 2, '2015-07-08 07:18:13', 1, NULL),
(344, 1, 2, '开始处理这条任务', 3, '2015-07-08 07:18:13', 1, NULL),
(345, 1, 3, '暂停处理这条任务', 3, '2015-07-08 07:18:19', 1, NULL),
(346, 1, 2, '开始处理这条任务', 5, '2015-07-08 07:18:19', 1, NULL),
(347, 1, 3, '暂停处理这条任务', 5, '2015-07-08 07:18:23', 1, NULL),
(348, 1, 2, '开始处理这条任务', 4, '2015-07-08 07:18:23', 1, NULL),
(349, 1, 3, '暂停处理这条任务', 4, '2015-07-08 07:18:25', 1, NULL),
(350, 1, 2, '开始处理这条任务', 2, '2015-07-08 07:18:25', 1, NULL),
(351, 1, 3, '暂停处理这条任务', 2, '2015-07-08 07:18:33', 1, NULL),
(352, 1, 2, '开始处理这条任务', 5, '2015-07-08 07:18:33', 1, NULL),
(353, 1, 3, '暂停处理这条任务', 5, '2015-07-08 07:19:20', 1, NULL),
(354, 1, 2, '开始处理这条任务', 4, '2015-07-08 07:19:20', 1, NULL),
(355, 1, 3, '暂停处理这条任务', 4, '2015-07-08 07:20:40', 1, NULL),
(356, 1, 2, '开始处理这条任务', 5, '2015-07-08 07:20:40', 1, NULL),
(357, 1, 3, '暂停处理这条任务', 5, '2015-07-08 07:20:43', 1, NULL),
(358, 1, 2, '开始处理这条任务', 4, '2015-07-08 07:20:43', 1, NULL),
(359, 1, 3, '暂停处理这条任务', 4, '2015-07-16 02:48:49', 1, NULL),
(360, 1, 2, '开始处理这条任务', 12, '2015-07-16 02:48:49', 1, NULL),
(361, 1, 2, '开始处理这条任务', 1, '2015-07-16 06:09:17', 1, NULL),
(362, 1, 4, '完成了任务', 16, '2015-07-16 08:54:27', 1, NULL),
(363, 1, 13, '归档了清单', 17, '2015-07-16 08:54:36', 2, NULL),
(364, 1, 1, '创建了讨论', 23, '2015-08-07 15:06:51', 4, NULL),
(365, 1, 1, '创建了讨论', 24, '2015-08-07 15:07:28', 4, NULL),
(366, 1, 1, '创建了讨论', 29, '2015-08-08 10:45:19', 4, NULL),
(367, 1, 1, '添加了任务', 22, '2015-08-08 12:02:12', 1, NULL),
(368, 1, 1, '添加了任务', 23, '2015-08-08 12:12:17', 1, NULL),
(369, 1, 1, '添加了任务', 24, '2015-08-08 12:50:33', 1, NULL),
(370, 1, 2, '开始处理这条任务', 23, '2015-08-08 13:00:13', 1, NULL),
(371, 1, 2, '开始处理这条任务', 24, '2015-08-08 13:02:09', 1, NULL),
(372, 1, 2, '开始处理这条任务', 24, '2015-08-08 13:05:28', 1, NULL),
(373, 1, 2, '开始处理这条任务', 20, '2015-08-08 13:05:34', 1, NULL),
(374, 1, 2, '开始处理这条任务', 24, '2015-08-08 13:06:59', 1, NULL),
(375, 1, 3, '暂停处理这条任务', 12, '2015-08-08 13:06:59', 1, NULL),
(376, 1, 2, '开始处理这条任务', 22, '2015-08-08 13:07:04', 1, NULL),
(377, 1, 3, '暂停处理这条任务', 20, '2015-08-08 13:07:04', 1, NULL),
(378, 1, 3, '暂停处理这条任务', 23, '2015-08-08 13:09:26', 1, NULL),
(379, 1, 3, '暂停处理这条任务', 22, '2015-08-08 13:10:02', 1, NULL),
(380, 1, 2, '开始处理这条任务', 24, '2015-08-08 13:13:13', 1, NULL),
(381, 1, 3, '暂停处理这条任务', 24, '2015-08-08 13:13:13', 1, NULL),
(382, 1, 2, '开始处理这条任务', 24, '2015-08-08 13:13:18', 1, NULL),
(383, 1, 3, '暂停处理这条任务', 24, '2015-08-08 13:13:18', 1, NULL),
(384, 1, 2, '开始处理这条任务', 24, '2015-08-08 13:13:33', 1, NULL),
(385, 1, 3, '暂停处理这条任务', 24, '2015-08-08 13:13:33', 1, NULL),
(386, 1, 2, '开始处理这条任务', 23, '2015-08-08 13:15:28', 1, NULL),
(387, 1, 2, '开始处理这条任务', 24, '2015-08-08 13:15:31', 1, NULL),
(388, 1, 3, '暂停处理这条任务', 23, '2015-08-08 13:15:31', 1, NULL),
(389, 1, 1, '添加了任务', 25, '2015-08-09 05:34:15', 1, NULL),
(390, 1, 2, '开始处理这条任务', 25, '2015-08-09 05:34:25', 1, NULL),
(391, 1, 3, '暂停处理这条任务', 24, '2015-08-09 05:34:25', 1, NULL),
(392, 1, 2, '开始处理这条任务', 24, '2015-08-09 05:34:27', 1, NULL),
(393, 1, 3, '暂停处理这条任务', 25, '2015-08-09 05:34:27', 1, NULL),
(394, 1, 6, '删除了任务', 25, '2015-08-09 05:56:51', 1, NULL),
(395, 1, 1, '添加了任务', 26, '2015-08-09 06:05:43', 1, NULL),
(396, 1, 1, '添加了任务', 27, '2015-08-09 06:07:12', 1, NULL),
(397, 1, 1, '添加了任务', 28, '2015-08-09 06:07:58', 1, NULL),
(398, 1, 6, '删除了任务', 28, '2015-08-09 06:08:02', 1, NULL),
(399, 1, 7, '恢复了任务', 28, '2015-08-09 06:09:15', 1, NULL),
(400, 1, 6, '删除了任务', 28, '2015-08-09 06:10:08', 1, NULL),
(401, 1, 7, '恢复了任务', 28, '2015-08-09 06:10:11', 1, NULL),
(402, 1, 7, '恢复了任务', 25, '2015-08-09 06:15:35', 1, NULL),
(403, 1, 2, '开始处理这条任务', 20, '2015-08-09 07:23:56', 1, NULL),
(404, 1, 3, '暂停处理这条任务', 24, '2015-08-09 07:23:56', 1, NULL),
(405, 1, 6, '删除了任务', 24, '2015-08-09 07:59:24', 1, NULL),
(406, 1, 7, '恢复了任务', 24, '2015-08-09 09:52:46', 1, NULL),
(407, 1, 1, '创建了讨论', 30, '2015-08-09 09:53:24', 4, NULL),
(408, 1, 6, '删除了任务', 20, '2015-08-09 10:12:23', 1, NULL),
(409, 1, 2, '开始处理这条任务', 26, '2015-08-09 10:12:25', 1, NULL),
(410, 1, 3, '暂停处理这条任务', 20, '2015-08-09 10:12:26', 1, NULL),
(411, 1, 7, '恢复了任务', 20, '2015-08-09 10:12:39', 1, NULL),
(412, 1, 6, '删除了任务', 24, '2015-08-09 10:14:02', 1, NULL),
(413, 1, 2, '开始处理这条任务', 22, '2015-08-09 10:56:00', 1, NULL),
(414, 1, 3, '暂停处理这条任务', 26, '2015-08-09 10:56:00', 1, NULL),
(415, 1, 1, '创建了讨论', 31, '2015-08-09 10:56:30', 4, NULL),
(416, 1, 1, '创建了讨论', 32, '2015-08-14 12:26:58', 4, NULL),
(417, 1, 1, '创建了讨论', 33, '2015-08-14 12:31:25', 4, NULL),
(418, 1, 1, '创建了清单', 31, '2015-08-14 13:08:50', 2, NULL),
(419, 1, 1, '创建了清单', 32, '2015-08-14 13:10:46', 2, NULL),
(420, 1, 11, '回复了清单', 31, '2015-08-14 13:22:31', 2, 55),
(421, 1, 11, '回复了清单', 31, '2015-08-14 13:22:53', 2, 56),
(423, 1, 11, '回复了清单', 32, '2015-08-14 14:11:09', 2, 60),
(424, 1, 11, '回复了清单', 32, '2015-08-14 14:12:57', 2, 61),
(425, 1, 1, '创建了清单', 33, '2015-08-14 14:15:38', 2, NULL),
(426, 1, 1, '创建了清单', 34, '2015-08-14 14:15:49', 2, NULL),
(427, 1, 1, '创建了清单', 35, '2015-08-14 14:16:05', 2, NULL),
(428, 1, 1, '创建了清单', 36, '2015-08-14 14:16:32', 2, NULL),
(429, 1, 6, '删除了清单', 32, '2015-08-14 14:20:09', 2, NULL),
(430, 1, 7, '恢复了清单', 32, '2015-08-14 14:20:42', 2, NULL),
(431, 1, 6, '删除了清单', 32, '2015-08-14 14:27:02', 2, NULL),
(432, 1, 7, '恢复了清单', 32, '2015-08-14 14:27:59', 2, NULL),
(433, 1, 7, '恢复了清单', 32, '2015-08-14 14:28:08', 2, NULL),
(434, 1, 6, '删除了清单', 32, '2015-08-14 14:30:30', 2, NULL),
(435, 1, 7, '恢复了清单', 32, '2015-08-14 14:30:55', 2, NULL),
(436, 1, 1, '添加了任务', 29, '2015-08-14 14:46:32', 1, NULL),
(437, 1, 1, '添加了任务', 30, '2015-08-14 14:46:36', 1, NULL),
(438, 1, 1, '创建了文档', 8, '2015-08-18 12:22:33', 7, NULL),
(439, 1, 1, '创建了项目', 11, '2015-09-02 07:15:03', 3, 0),
(440, 1, 13, '归档了项目', 11, '2015-09-02 07:15:26', 3, 0),
(441, 1, 14, '重新激活了项目', 11, '2015-09-02 07:15:36', 3, 0),
(442, 1, 11, '回复了任务', 6, '2015-09-06 00:56:49', 1, 62),
(443, 1, 11, '回复了日程', 12, '2015-09-06 08:22:03', 6, 63);

-- --------------------------------------------------------

--
-- 表的结构 `project`
--

CREATE TABLE IF NOT EXISTS `project` (
`id` int(11) NOT NULL,
  `name` varchar(256) COLLATE utf8_bin DEFAULT NULL,
  `type` int(11) DEFAULT '1' COMMENT '1-标准，2-看板，3-模板,4-示例',
  `icon` int(11) DEFAULT '0',
  `description` varchar(256) COLLATE utf8_bin DEFAULT NULL,
  `teamID` int(11) DEFAULT '0',
  `iconColor` int(11) DEFAULT '0',
  `create` timestamp NULL DEFAULT CURRENT_TIMESTAMP,
  `template` int(11) DEFAULT '0' COMMENT '是否为模板',
  `section` varchar(256) COLLATE utf8_bin DEFAULT NULL,
  `archive` int(11) DEFAULT '0' COMMENT '归档'
) ENGINE=InnoDB AUTO_INCREMENT=12 DEFAULT CHARSET=utf8 COLLATE=utf8_bin COMMENT='项目';

--
-- 转存表中的数据 `project`
--

INSERT INTO `project` (`id`, `name`, `type`, `icon`, `description`, `teamID`, `iconColor`, `create`, `template`, `section`, `archive`) VALUES
(1, '_web', 1, 8, 'php前端', 1, 2, '2015-01-12 23:05:27', 0, '10-1-5-7-6', 0),
(2, '学堂-开发', 1, 1, NULL, 1, 7, '2015-01-19 00:33:18', 0, '10-1-5-7-6', 0),
(3, '11', 1, 17, '111', 1, 1, '2015-07-07 16:00:00', 0, '10-1-5-7-6', 1),
(4, '22', 1, 8, '22', 1, 15, '2015-07-08 16:00:00', 1, '10-1-5-7-6', 0),
(7, '示例项目', 1, 4, '', 8, 10, '2015-07-21 09:11:15', 0, '10-1-5-7-6', 0),
(8, '熟悉Tower', 3, 2, '工欲善其事，必先利其器', 9, 3, '2015-07-21 09:32:00', 0, '10-1-5-7-6', 0),
(9, '熟悉Tower', 3, 2, '工欲善其事，必先利其器', 10, 19, '2015-07-21 09:36:30', 0, '10-1-5-7-6', 0),
(10, 'aa', 1, 6, '', 1, 2, '2015-08-07 14:23:05', 0, '1-10-5-7-6', 1),
(11, 'g', 1, 4, 'g', 1, 13, '2015-09-02 07:15:03', 0, '1', 0);

-- --------------------------------------------------------

--
-- 表的结构 `relevance`
--

CREATE TABLE IF NOT EXISTS `relevance` (
`id` int(11) NOT NULL,
  `model` int(11) DEFAULT '0',
  `value` int(11) DEFAULT '0',
  `prevModel` int(11) DEFAULT '0',
  `prevValue` int(11) DEFAULT '0',
  `teamID` int(11) DEFAULT '0'
) ENGINE=InnoDB AUTO_INCREMENT=101 DEFAULT CHARSET=latin1 COMMENT='关联';

--
-- 转存表中的数据 `relevance`
--

INSERT INTO `relevance` (`id`, `model`, `value`, `prevModel`, `prevValue`, `teamID`) VALUES
(1, 1, 1, 3, 1, 1),
(2, 1, 2, 3, 1, 1),
(3, 1, 3, 3, 1, 1),
(4, 1, 4, 3, 1, 1),
(5, 1, 5, 3, 1, 1),
(6, 1, 6, 3, 1, 1),
(7, 1, 7, 3, 1, 1),
(8, 1, 8, 3, 1, 1),
(9, 1, 9, 3, 1, 1),
(10, 1, 10, 3, 1, 1),
(11, 1, 12, 3, 1, 1),
(12, 1, 13, 3, 1, 1),
(13, 1, 14, 3, 1, 1),
(14, 1, 15, 3, 1, 1),
(15, 1, 16, 3, 1, 1),
(16, 1, 17, 3, 1, 1),
(17, 1, 18, 3, 1, 1),
(18, 1, 19, 3, 1, 1),
(19, 1, 20, 3, 1, 1),
(20, 1, 21, 3, 1, 1),
(21, 2, 1, 3, 1, 1),
(22, 2, 2, 3, 1, 1),
(23, 2, 11, 3, 2, 1),
(24, 2, 12, 3, 1, 1),
(25, 2, 13, 3, 1, 1),
(26, 2, 14, 3, 1, 1),
(27, 2, 15, 3, 1, 1),
(28, 2, 16, 3, 1, 1),
(29, 2, 17, 3, 1, 1),
(30, 2, 18, 3, 2, 1),
(31, 2, 19, 3, 1, 1),
(32, 2, 20, 3, 1, 1),
(33, 4, 1, 3, 1, 1),
(34, 4, 2, 3, 1, 1),
(35, 4, 3, 3, 1, 1),
(36, 4, 4, 3, 1, 1),
(37, 4, 5, 3, 1, 1),
(38, 4, 6, 3, 1, 1),
(39, 4, 7, 3, 1, 1),
(40, 4, 8, 3, 1, 1),
(41, 4, 9, 3, 1, 1),
(42, 4, 11, 3, 1, 1),
(43, 4, 12, 3, 1, 1),
(44, 4, 13, 3, 1, 1),
(45, 4, 14, 3, 1, 1),
(46, 4, 15, 3, 1, 1),
(47, 4, 16, 3, 1, 1),
(48, 4, 17, 3, 1, 1),
(49, 4, 18, 3, 1, 1),
(50, 4, 19, 3, 1, 1),
(51, 4, 20, 3, 1, 1),
(52, 4, 21, 3, 1, 1),
(53, 4, 22, 3, 1, 1),
(54, 5, 1, 3, 1, 1),
(55, 7, 1, 3, 1, 1),
(56, 7, 2, 3, 1, 1),
(57, 7, 3, 3, 1, 1),
(58, 7, 4, 3, 1, 1),
(59, 7, 5, 3, 1, 1),
(60, 7, 6, 3, 1, 1),
(61, 7, 7, 3, 1, 1),
(62, 6, 1, 9, 1, 1),
(63, 6, 2, 9, 1, 1),
(64, 6, 3, 9, 1, 1),
(65, 6, 4, 9, 1, 1),
(66, 6, 5, 9, 1, 1),
(67, 6, 6, 9, 1, 1),
(68, 6, 7, 9, 1, 1),
(69, 6, 8, 9, 1, 1),
(70, 6, 9, 9, 1, 1),
(71, 6, 10, 9, 1, 1),
(72, 6, 11, 9, 1, 1),
(73, 6, 12, 9, 4, 1),
(75, 1, 28, 3, 1, 1),
(76, 1, 22, 3, 1, 1),
(77, 1, 23, 3, 1, 1),
(78, 1, 24, 3, 1, 1),
(79, 1, 25, 3, 1, 1),
(80, 1, 26, 3, 1, 1),
(81, 1, 27, 3, 1, 1),
(84, 2, 31, 3, 1, 1),
(85, 2, 32, 3, 1, 1),
(86, 2, 33, 3, 0, NULL),
(87, 2, 34, 3, 0, NULL),
(88, 2, 35, 3, 0, NULL),
(89, 2, 36, 3, 0, NULL),
(90, 1, 29, 3, 1, 1),
(91, 1, 30, 3, 1, 1),
(92, 3, 1, 3, 1, 1),
(93, 3, 2, 3, 2, 1),
(94, 3, 3, 3, 3, 1),
(95, 3, 4, 3, 4, 1),
(96, 3, 7, 3, 7, 8),
(97, 3, 8, 3, 8, 9),
(98, 3, 9, 3, 9, 10),
(99, 3, 10, 3, 10, 1),
(100, 3, 11, 3, 11, 1);

-- --------------------------------------------------------

--
-- 表的结构 `subgroup`
--

CREATE TABLE IF NOT EXISTS `subgroup` (
`id` int(11) NOT NULL,
  `name` varchar(256) COLLATE utf8_bin DEFAULT NULL,
  `teamID` int(11) DEFAULT '0',
  `sort` int(11) DEFAULT '0'
) ENGINE=InnoDB AUTO_INCREMENT=13 DEFAULT CHARSET=utf8 COLLATE=utf8_bin;

--
-- 转存表中的数据 `subgroup`
--

INSERT INTO `subgroup` (`id`, `name`, `teamID`, `sort`) VALUES
(4, '策划', 1, 1),
(6, '美术', 1, 3),
(7, '客服', 1, 2),
(9, 'a', 1, 4),
(10, 'a', 3, 1),
(11, 'b', 3, 2),
(12, 'b', 1, 5);

-- --------------------------------------------------------

--
-- 表的结构 `task`
--

CREATE TABLE IF NOT EXISTS `task` (
`id` int(11) NOT NULL,
  `name` varchar(256) COLLATE utf8_bin DEFAULT NULL,
  `endTime` timestamp NULL DEFAULT NULL COMMENT '截止时间',
  `projectID` int(11) DEFAULT '0' COMMENT '冗余了item.projectID',
  `itemID` int(11) DEFAULT '0',
  `userID` int(11) DEFAULT '0',
  `creatorID` int(11) DEFAULT '0',
  `box` int(11) DEFAULT '1',
  `status` int(11) DEFAULT '1',
  `deleted` int(11) DEFAULT '0' COMMENT '是否删除',
  `finishTime` datetime DEFAULT NULL COMMENT '完成时间(冗余operation.create,用于查询)'
) ENGINE=InnoDB AUTO_INCREMENT=31 DEFAULT CHARSET=utf8 COLLATE=utf8_bin COMMENT='任务';

--
-- 转存表中的数据 `task`
--

INSERT INTO `task` (`id`, `name`, `endTime`, `projectID`, `itemID`, `userID`, `creatorID`, `box`, `status`, `deleted`, `finishTime`) VALUES
(1, '诗歌节测试1', NULL, 1, 21, 1, 1, 1, 1, 1, NULL),
(2, '诗歌节测试2', NULL, 1, 1, 1, 1, 3, 3, 0, NULL),
(3, '诗歌节测试3', NULL, 1, 1, 1, 1, 3, 3, 0, NULL),
(4, '诗歌节测试4', NULL, 1, 1, 1, 1, 3, 3, 0, NULL),
(5, '诗歌节测试5', NULL, 1, 1, 1, 1, 3, 3, 0, NULL),
(6, '课题资源任务1', NULL, 1, 2, 1, 1, 1, 4, 0, '2015-04-22 15:38:20'),
(7, '课题资源任务2', NULL, 1, 2, 1, 1, 1, 4, 0, '2015-03-11 15:01:50'),
(8, '课题资源任务3', NULL, 1, 2, 1, 1, 1, 4, 0, '2015-03-11 15:01:45'),
(9, '课题资源任务4', NULL, 1, 2, 1, 1, 1, 4, 0, '2015-03-11 15:01:35'),
(10, '课题资源任务5', NULL, 1, 2, 1, 1, 1, 4, 0, '2015-03-08 14:57:34'),
(12, '任务1-1', NULL, 1, 11, 1, 1, 1, 3, 0, NULL),
(13, '任务3-1', NULL, 1, 12, 1, 1, 1, 3, 0, NULL),
(14, '任务3-1', NULL, 1, 13, NULL, 1, 1, 1, 0, NULL),
(15, '任务4-1', NULL, 1, 14, NULL, 1, 1, 1, 0, NULL),
(16, '任务5-1', NULL, 1, 17, 1, 1, 1, 4, 0, '2015-07-16 16:54:27'),
(17, '任务1-2', NULL, 1, 11, 1, 1, 1, 4, 0, '2015-03-11 15:59:19'),
(18, '任务2-1', NULL, 1, 18, 1, 1, 1, 4, 0, '2015-03-11 16:00:27'),
(19, 'renwu', NULL, 1, 2, NULL, 1, 1, 1, 1, NULL),
(20, 'renwu', NULL, 1, 2, 1, 1, 1, 3, 0, NULL),
(21, '1-1', NULL, 1, 20, NULL, 1, 1, 1, 0, NULL),
(22, '1', NULL, 1, 2, 1, 1, 1, 2, 0, NULL),
(23, 'q', NULL, 1, 21, 1, 1, 1, 3, 1, NULL),
(24, 'w', NULL, 1, 21, 1, 1, 1, 3, 1, NULL),
(25, '2', NULL, 1, 2, 1, 1, 1, 3, 0, NULL),
(26, '3', NULL, 1, 2, 1, 1, 1, 3, 0, NULL),
(27, '3', NULL, 1, 2, NULL, 1, 1, 1, 0, NULL),
(28, '5', NULL, 1, 2, NULL, 1, 1, 1, 0, NULL),
(29, '5-1', NULL, 1, 32, NULL, 1, 1, 1, 0, NULL),
(30, '5-2', NULL, 1, 32, NULL, 1, 1, 1, 0, NULL);

-- --------------------------------------------------------

--
-- 表的结构 `team`
--

CREATE TABLE IF NOT EXISTS `team` (
`id` int(11) NOT NULL,
  `name` varchar(256) COLLATE utf8_bin DEFAULT NULL,
  `code` varchar(32) COLLATE utf8_bin DEFAULT NULL,
  `creatorID` int(11) DEFAULT '0',
  `create` datetime DEFAULT CURRENT_TIMESTAMP
) ENGINE=InnoDB AUTO_INCREMENT=11 DEFAULT CHARSET=utf8 COLLATE=utf8_bin COMMENT='团队';

--
-- 转存表中的数据 `team`
--

INSERT INTO `team` (`id`, `name`, `code`, `creatorID`, `create`) VALUES
(1, 'djq的团队', 'l7ZE1j4Wd8warOuITLdvkAwCmbhJu4Oe', 1, '2015-08-18 20:12:16'),
(2, 'iPhone6开发任务', NULL, 1, '2015-08-18 20:12:16'),
(3, 'iphone7', NULL, 1, '2015-08-18 20:12:16'),
(4, 'iphone9', NULL, 1, '2015-08-18 20:12:16'),
(5, 'iphone10', NULL, 1, '2015-08-18 20:12:16'),
(6, 'iphone11', NULL, 1, '2015-08-18 20:12:16'),
(7, 'mac', NULL, 1, '2015-08-18 20:12:16'),
(8, 'mac2', NULL, 1, '2015-08-18 20:12:16'),
(9, 'mac3', NULL, 1, '2015-08-18 20:12:16'),
(10, 'mac4', NULL, 1, '2015-08-18 20:12:16');

-- --------------------------------------------------------

--
-- 表的结构 `topic`
--

CREATE TABLE IF NOT EXISTS `topic` (
`id` int(11) NOT NULL,
  `projectID` int(11) DEFAULT '0',
  `name` varchar(256) COLLATE utf8_bin DEFAULT '0',
  `text` text COLLATE utf8_bin,
  `userID` int(11) DEFAULT '0',
  `create` datetime DEFAULT CURRENT_TIMESTAMP,
  `deleted` int(11) DEFAULT '0'
) ENGINE=InnoDB AUTO_INCREMENT=34 DEFAULT CHARSET=utf8 COLLATE=utf8_bin COMMENT='话题';

--
-- 转存表中的数据 `topic`
--

INSERT INTO `topic` (`id`, `projectID`, `name`, `text`, `userID`, `create`, `deleted`) VALUES
(1, 1, 'Name', 'Text', 1, '2015-04-16 00:00:00', 0),
(2, 1, 'Name', 'Text', 1, '2015-04-16 00:00:00', 0),
(3, 1, 'Name084850', 'Text084850', 1, '2015-04-16 00:00:00', 0),
(4, 1, 'Name-08:49:34', 'Text-08:49:34', 1, '2015-04-15 00:00:00', 0),
(5, 1, '1', '11', 1, '2015-04-16 17:44:24', 0),
(6, 1, '2', '22', 1, '2015-04-16 17:44:45', 0),
(7, 1, '3', '33', 1, '2015-04-16 17:47:49', 0),
(8, 1, '4', '44', 1, '2015-04-16 17:50:45', 0),
(9, 1, '5', '55', 1, '2015-04-16 17:50:59', 0),
(11, 1, '7', '7', 1, '2015-04-16 17:54:04', 0),
(12, 1, '8', '88', 1, '2015-04-17 10:55:56', 0),
(13, 1, '8', '88', 1, '2015-04-17 11:07:11', 0),
(14, 1, '9', '99', 1, '2015-04-22 10:25:21', 0),
(15, 1, '10', '10', 1, '2015-04-22 10:25:57', 0),
(16, 1, '1', '1', 1, '2015-04-22 10:55:26', 0),
(17, 1, '2', '', 1, '2015-04-22 17:45:13', 0),
(18, 1, '3', '3', 1, '2015-04-22 17:49:52', 0),
(19, 1, 'aa', 'aa', 1, '2015-06-23 16:49:22', 0),
(20, 1, 'aa', 'aa', 1, '2015-06-23 16:53:17', 0),
(21, 1, 'aa', 'aa', 1, '2015-06-23 17:22:44', 0),
(22, 1, 'bb', 'bb', 1, '2015-06-23 17:22:50', 0),
(23, 1, 'cc', 'cc', 1, '2015-08-07 23:06:51', 0),
(24, 1, 'cc', 'cc', 1, '2015-08-07 23:07:28', 0),
(25, 1, 'd', 'd', 1, '2015-08-02 00:00:00', 0),
(26, 1, 'cc', 'cc', 1, '2015-08-10 00:00:00', 0),
(27, 1, 'cc', 'cc', 1, '2015-08-05 00:00:00', 0),
(28, 1, 'd', 'd', 1, '0000-00-00 00:00:00', 0),
(29, 1, 'e', 'e', 1, '2015-08-08 18:45:19', 0),
(30, 1, 'd', 'd', 1, '2015-08-09 17:53:24', 0),
(31, 1, '11', '11', 1, '2015-08-09 18:56:30', 0),
(32, 1, ' c', 'c', 1, '2015-08-14 20:26:58', 0),
(33, 1, 'd', 'd', 1, '2015-08-14 20:31:25', 0);

-- --------------------------------------------------------

--
-- 表的结构 `user`
--

CREATE TABLE IF NOT EXISTS `user` (
`id` int(11) NOT NULL,
  `name` varchar(256) COLLATE utf8_bin NOT NULL,
  `password` varchar(256) COLLATE utf8_bin NOT NULL,
  `nickname` varchar(256) COLLATE utf8_bin DEFAULT NULL,
  `accessToken` varchar(64) COLLATE utf8_bin DEFAULT NULL,
  `authKey` varchar(64) COLLATE utf8_bin DEFAULT NULL
) ENGINE=InnoDB AUTO_INCREMENT=4 DEFAULT CHARSET=utf8 COLLATE=utf8_bin COMMENT='用户';

--
-- 转存表中的数据 `user`
--

INSERT INTO `user` (`id`, `name`, `password`, `nickname`, `accessToken`, `authKey`) VALUES
(1, 'djq', '$2y$13$u7ccTc7OJ4uMSJK0KlFlR.e.Y3x2v/7FxQQQN5wLJ7y6/vXmPgd7K', '方片周', 'T72c7fOsmHic3rgSVu5yQUQvyj_VkCfa', 'vOCBBldwO0zps1Bes6V9jnEzvP57Qqin'),
(2, 'adong', '$2y$13$Ru8rSLKFiY53vw9nFv8kbuH0clqllhXN.HjNQ1MqtKO.6eRt.IS/q', '李展东', '07F2DvhdsVc3GlKsfkxFZCMfhhRsLeX3', 'rmOtj7wDtle4Vw6ZolG7dGHUT6k4OkwO'),
(3, 'cxc', '$2y$13$dDIKEwHi15Xe9xm2NVP0UOY8JEIJMfHUtlMmuWVpK2DsEp//cZ2wG', '陈协纯', 's2X4SFc0Xl5EHu-btLepf0gdS7DvypxK', 'SDfAvnyBydg1Lxs-SE26MTzsaiSZy9Bk');

-- --------------------------------------------------------

--
-- 表的结构 `user_calendar`
--

CREATE TABLE IF NOT EXISTS `user_calendar` (
`id` int(11) NOT NULL,
  `userID` int(11) DEFAULT '0',
  `calendarID` int(11) DEFAULT '0'
) ENGINE=InnoDB DEFAULT CHARSET=latin1;

-- --------------------------------------------------------

--
-- 表的结构 `user_comment`
--

CREATE TABLE IF NOT EXISTS `user_comment` (
`id` int(11) NOT NULL,
  `userID` int(11) DEFAULT '0',
  `commentID` int(11) DEFAULT '0'
) ENGINE=InnoDB DEFAULT CHARSET=latin1;

-- --------------------------------------------------------

--
-- 表的结构 `user_log`
--

CREATE TABLE IF NOT EXISTS `user_log` (
`id` int(11) NOT NULL,
  `agent` varchar(256) COLLATE utf8_bin NOT NULL,
  `create` datetime NOT NULL DEFAULT CURRENT_TIMESTAMP,
  `userID` int(11) NOT NULL DEFAULT '0',
  `type` int(11) NOT NULL DEFAULT '0',
  `ipID` int(11) DEFAULT '0'
) ENGINE=InnoDB AUTO_INCREMENT=113 DEFAULT CHARSET=utf8 COLLATE=utf8_bin COMMENT='用户记录';

--
-- 转存表中的数据 `user_log`
--

INSERT INTO `user_log` (`id`, `agent`, `create`, `userID`, `type`, `ipID`) VALUES
(6, 'Mozilla/5.0 (Windows NT 6.1; WOW64) AppleWebKit/537.36 (KHTML, like Gecko) Chrome/38.0.2125.122 UBrowser/4.0.4843.1 Safari/537.36', '2015-04-14 15:36:58', 1, 1, 1),
(7, 'Mozilla/5.0 (Windows NT 6.1; WOW64) AppleWebKit/537.36 (KHTML, like Gecko) Chrome/38.0.2125.122 UBrowser/4.0.4843.1 Safari/537.36', '2015-04-14 16:27:52', 1, 1, 1),
(8, 'Mozilla/5.0 (Windows NT 6.1; WOW64) AppleWebKit/537.36 (KHTML, like Gecko) Chrome/38.0.2125.122 UBrowser/4.0.4843.1 Safari/537.36', '2015-04-15 11:09:58', 1, 1, 1),
(9, 'Mozilla/5.0 (Windows NT 6.1; WOW64) AppleWebKit/537.36 (KHTML, like Gecko) Chrome/38.0.2125.122 UBrowser/4.0.4843.1 Safari/537.36', '2015-04-15 11:11:16', 1, 1, 1),
(10, 'Mozilla/5.0 (Windows NT 6.1; WOW64) AppleWebKit/537.36 (KHTML, like Gecko) Chrome/38.0.2125.122 UBrowser/4.0.4843.1 Safari/537.36', '2015-04-15 11:13:00', 1, 1, 1),
(11, 'Mozilla/5.0 (Windows NT 6.1; WOW64) AppleWebKit/537.36 (KHTML, like Gecko) Chrome/38.0.2125.122 UBrowser/4.0.4843.1 Safari/537.36', '2015-04-15 14:17:15', 1, 1, 1),
(12, 'Mozilla/5.0 (Windows NT 6.1; WOW64) AppleWebKit/537.36 (KHTML, like Gecko) Chrome/38.0.2125.122 UBrowser/4.0.4843.1 Safari/537.36', '2015-04-15 14:20:21', 1, 1, 1),
(13, 'Mozilla/5.0 (Windows NT 6.1; WOW64) AppleWebKit/537.36 (KHTML, like Gecko) Chrome/38.0.2125.122 UBrowser/4.0.4843.1 Safari/537.36', '2015-04-15 15:13:55', 1, 1, 1),
(14, 'Mozilla/5.0 (Windows NT 6.1; WOW64) AppleWebKit/537.36 (KHTML, like Gecko) Chrome/38.0.2125.122 UBrowser/4.0.4843.1 Safari/537.36', '2015-04-15 15:14:57', 1, 1, 1),
(15, 'Mozilla/5.0 (Windows NT 6.1; WOW64) AppleWebKit/537.36 (KHTML, like Gecko) Chrome/38.0.2125.122 UBrowser/4.0.4843.1 Safari/537.36', '2015-04-15 15:15:46', 1, 1, 1),
(16, 'Mozilla/5.0 (Windows NT 6.1; WOW64) AppleWebKit/537.36 (KHTML, like Gecko) Chrome/38.0.2125.122 UBrowser/4.0.4843.1 Safari/537.36', '2015-04-15 15:18:10', 1, 1, 1),
(17, 'Mozilla/5.0 (Windows NT 6.1; WOW64) AppleWebKit/537.36 (KHTML, like Gecko) Chrome/38.0.2125.122 UBrowser/4.0.4843.1 Safari/537.36', '2015-04-15 15:18:46', 1, 1, 1),
(18, 'Mozilla/5.0 (Windows NT 6.1; WOW64) AppleWebKit/537.36 (KHTML, like Gecko) Chrome/38.0.2125.122 UBrowser/4.0.4843.1 Safari/537.36', '2015-04-15 15:19:01', 1, 1, 1),
(19, 'Mozilla/5.0 (Windows NT 6.1; WOW64) AppleWebKit/537.36 (KHTML, like Gecko) Chrome/38.0.2125.122 UBrowser/4.0.4843.1 Safari/537.36', '2015-04-15 15:23:48', 1, 1, 1),
(20, 'Mozilla/5.0 (Windows NT 6.1; WOW64) AppleWebKit/537.36 (KHTML, like Gecko) Chrome/38.0.2125.122 UBrowser/4.0.4843.1 Safari/537.36', '2015-04-15 19:00:06', 1, 1, 1),
(21, 'Mozilla/5.0 (Windows NT 6.1; WOW64) AppleWebKit/537.36 (KHTML, like Gecko) Chrome/38.0.2125.122 UBrowser/4.0.4843.1 Safari/537.36', '2015-04-16 08:47:48', 1, 1, 1),
(22, 'Mozilla/5.0 (Windows NT 6.1; WOW64) AppleWebKit/537.36 (KHTML, like Gecko) Chrome/38.0.2125.122 UBrowser/4.0.4843.1 Safari/537.36', '2015-04-16 08:54:28', 1, 1, 1),
(23, 'Mozilla/5.0 (Windows NT 6.1; WOW64) AppleWebKit/537.36 (KHTML, like Gecko) Chrome/38.0.2125.122 UBrowser/4.0.4843.1 Safari/537.36', '2015-04-17 08:54:30', 1, 1, 1),
(24, 'Mozilla/5.0 (Windows NT 6.1; WOW64) AppleWebKit/537.36 (KHTML, like Gecko) Chrome/38.0.2125.122 UBrowser/4.0.4843.1 Safari/537.36', '2015-04-20 11:15:09', 1, 1, 1),
(25, 'Mozilla/5.0 (Windows NT 6.1; WOW64) AppleWebKit/537.36 (KHTML, like Gecko) Chrome/34.0.1847.116 Safari/537.36', '2015-04-20 13:37:39', 1, 1, 1),
(26, 'Mozilla/5.0 (Windows NT 6.1; WOW64) AppleWebKit/537.36 (KHTML, like Gecko) Chrome/38.0.2125.122 UBrowser/4.0.4843.1 Safari/537.36', '2015-04-21 08:47:27', 1, 1, 1),
(27, 'Mozilla/5.0 (Windows NT 6.1; WOW64) AppleWebKit/537.36 (KHTML, like Gecko) Chrome/38.0.2125.122 UBrowser/4.0.4843.1 Safari/537.36', '2015-04-22 15:06:38', 1, 1, 1),
(28, 'Mozilla/5.0 (Windows NT 6.1; WOW64) AppleWebKit/537.36 (KHTML, like Gecko) Chrome/38.0.2125.122 UBrowser/4.0.4843.1 Safari/537.36', '2015-04-23 08:48:37', 1, 1, 1),
(29, 'Mozilla/5.0 (Windows NT 6.1; WOW64) AppleWebKit/537.36 (KHTML, like Gecko) Chrome/38.0.2125.122 UBrowser/4.0.4843.1 Safari/537.36', '2015-04-24 08:40:58', 1, 1, 1),
(30, 'Mozilla/5.0 (Windows NT 6.1; WOW64) AppleWebKit/537.36 (KHTML, like Gecko) Chrome/38.0.2125.122 UBrowser/4.0.4843.1 Safari/537.36', '2015-04-24 15:27:32', 1, 1, 1),
(31, 'Mozilla/5.0 (Windows NT 6.1; WOW64) AppleWebKit/537.36 (KHTML, like Gecko) Chrome/38.0.2125.122 UBrowser/4.0.4843.1 Safari/537.36', '2015-04-24 15:28:52', 1, 1, 1),
(32, 'Mozilla/5.0 (Windows NT 6.1; WOW64) AppleWebKit/537.36 (KHTML, like Gecko) Chrome/38.0.2125.122 UBrowser/4.0.4843.1 Safari/537.36', '2015-04-27 08:46:27', 1, 1, 1),
(33, 'Mozilla/5.0 (Windows NT 6.1; WOW64) AppleWebKit/537.36 (KHTML, like Gecko) Chrome/34.0.1847.116 Safari/537.36', '2015-04-27 13:57:24', 1, 1, 1),
(34, 'Mozilla/5.0 (Windows NT 6.1; WOW64) AppleWebKit/537.36 (KHTML, like Gecko) Chrome/38.0.2125.122 UBrowser/4.0.4843.1 Safari/537.36', '2015-04-28 15:14:46', 1, 1, 1),
(35, 'Mozilla/5.0 (Windows NT 6.1; WOW64) AppleWebKit/537.36 (KHTML, like Gecko) Chrome/38.0.2125.122 UBrowser/4.0.4843.1 Safari/537.36', '2015-04-29 09:00:48', 1, 1, 1),
(36, 'Mozilla/5.0 (Windows NT 6.1; WOW64) AppleWebKit/537.36 (KHTML, like Gecko) Chrome/38.0.2125.122 UBrowser/4.0.4843.1 Safari/537.36', '2015-04-30 08:53:56', 1, 1, 1),
(37, 'Mozilla/5.0 (Windows NT 6.1; WOW64) AppleWebKit/537.36 (KHTML, like Gecko) Chrome/38.0.2125.122 UBrowser/4.0.4843.1 Safari/537.36', '2015-05-06 15:10:00', 1, 1, 1),
(38, 'Mozilla/5.0 (Windows NT 6.1; WOW64) AppleWebKit/537.36 (KHTML, like Gecko) Chrome/38.0.2125.122 UBrowser/4.0.4843.1 Safari/537.36', '2015-05-06 17:26:15', 1, 1, 1),
(39, 'Mozilla/5.0 (Windows NT 6.1; WOW64) AppleWebKit/537.36 (KHTML, like Gecko) Chrome/31.0.1650.63 Safari/537.36', '2015-05-06 17:57:11', 1, 1, 1),
(40, 'Mozilla/5.0 (Windows NT 6.1; WOW64) AppleWebKit/537.36 (KHTML, like Gecko) Chrome/31.0.1650.63 Safari/537.36', '2015-05-06 18:03:21', 1, 1, 1),
(41, 'Mozilla/5.0 (Windows NT 6.1; WOW64) AppleWebKit/537.36 (KHTML, like Gecko) Chrome/31.0.1650.63 Safari/537.36', '2015-05-06 18:07:14', 1, 1, 1),
(42, 'Mozilla/5.0 (Windows NT 6.1; WOW64) AppleWebKit/537.36 (KHTML, like Gecko) Chrome/31.0.1650.63 Safari/537.36', '2015-05-06 18:08:29', 1, 1, 1),
(43, 'Mozilla/5.0 (Windows NT 6.1; WOW64) AppleWebKit/537.36 (KHTML, like Gecko) Chrome/31.0.1650.63 Safari/537.36', '2015-05-06 18:09:00', 1, 1, 1),
(44, 'Mozilla/5.0 (Windows NT 6.1; WOW64) AppleWebKit/537.36 (KHTML, like Gecko) Chrome/38.0.2125.122 UBrowser/4.0.4843.1 Safari/537.36', '2015-05-07 09:12:19', 1, 1, 1),
(45, 'Mozilla/5.0 (Windows NT 6.1; WOW64) AppleWebKit/537.36 (KHTML, like Gecko) Chrome/34.0.1847.116 Safari/537.36', '2015-05-07 09:48:36', 1, 1, 1),
(46, 'Mozilla/5.0 (Windows NT 6.1; WOW64) AppleWebKit/537.36 (KHTML, like Gecko) Chrome/38.0.2125.122 UBrowser/4.0.4843.1 Safari/537.36', '2015-05-07 19:38:09', 1, 1, 1),
(47, 'Mozilla/5.0 (Windows NT 6.1; WOW64) AppleWebKit/537.36 (KHTML, like Gecko) Chrome/38.0.2125.122 UBrowser/4.0.4843.1 Safari/537.36', '2015-05-08 08:43:05', 1, 1, 1),
(48, 'Mozilla/5.0 (Windows NT 6.1; WOW64) AppleWebKit/537.36 (KHTML, like Gecko) Chrome/38.0.2125.122 UBrowser/4.0.4843.1 Safari/537.36', '2015-05-12 09:58:20', 1, 1, 1),
(49, 'Mozilla/5.0 (Windows NT 6.1; WOW64) AppleWebKit/537.36 (KHTML, like Gecko) Chrome/34.0.1847.116 Safari/537.36', '2015-05-12 14:38:34', 1, 1, 1),
(50, 'Mozilla/5.0 (Windows NT 6.1; WOW64) AppleWebKit/537.36 (KHTML, like Gecko) Chrome/38.0.2125.122 UBrowser/4.0.4843.1 Safari/537.36', '2015-05-13 09:37:41', 1, 1, 1),
(51, 'Mozilla/5.0 (Windows NT 6.1; WOW64) AppleWebKit/537.36 (KHTML, like Gecko) Chrome/38.0.2125.122 UBrowser/4.0.4843.1 Safari/537.36', '2015-05-13 09:38:28', 1, 1, 1),
(52, 'Mozilla/5.0 (Windows NT 6.1; WOW64) AppleWebKit/537.36 (KHTML, like Gecko) Chrome/38.0.2125.122 UBrowser/4.0.4843.1 Safari/537.36', '2015-05-13 17:18:31', 1, 1, 1),
(53, 'Mozilla/5.0 (Windows NT 6.1; WOW64) AppleWebKit/537.36 (KHTML, like Gecko) Chrome/38.0.2125.122 UBrowser/4.0.4843.1 Safari/537.36', '2015-05-13 20:26:58', 1, 1, 1),
(54, 'Mozilla/5.0 (Windows NT 6.1; WOW64) AppleWebKit/537.36 (KHTML, like Gecko) Chrome/34.0.1847.116 Safari/537.36', '2015-05-14 08:56:18', 1, 1, 1),
(55, 'Mozilla/5.0 (Windows NT 6.1; WOW64) AppleWebKit/537.36 (KHTML, like Gecko) Chrome/38.0.2125.122 UBrowser/4.0.4843.1 Safari/537.36', '2015-05-14 09:04:40', 1, 1, 1),
(56, 'Mozilla/5.0 (Windows NT 6.1; WOW64) AppleWebKit/537.36 (KHTML, like Gecko) Chrome/38.0.2125.122 UBrowser/4.0.4843.1 Safari/537.36', '2015-05-14 14:16:00', 1, 1, 1),
(57, 'Mozilla/5.0 (Windows NT 6.1; WOW64) AppleWebKit/537.36 (KHTML, like Gecko) Chrome/34.0.1847.116 Safari/537.36', '2015-05-15 09:06:54', 1, 1, 1),
(58, 'Mozilla/5.0 (Windows NT 6.1; WOW64) AppleWebKit/537.36 (KHTML, like Gecko) Chrome/38.0.2125.122 UBrowser/4.0.4843.1 Safari/537.36', '2015-05-15 09:24:41', 1, 1, 1),
(59, 'Mozilla/5.0 (Windows NT 6.1; WOW64) AppleWebKit/537.36 (KHTML, like Gecko) Chrome/38.0.2125.122 UBrowser/4.0.4843.1 Safari/537.36', '2015-05-18 11:30:18', 1, 1, 1),
(60, 'Mozilla/5.0 (Windows NT 6.1; WOW64) AppleWebKit/537.36 (KHTML, like Gecko) Chrome/38.0.2125.122 UBrowser/4.0.4843.1 Safari/537.36', '2015-05-18 13:48:07', 1, 1, 1),
(61, 'Mozilla/5.0 (Windows NT 6.1; WOW64) AppleWebKit/537.36 (KHTML, like Gecko) Chrome/38.0.2125.122 UBrowser/4.0.4843.1 Safari/537.36', '2015-05-18 15:27:11', 1, 1, 1),
(62, 'Mozilla/5.0 (Windows NT 6.1; WOW64) AppleWebKit/537.36 (KHTML, like Gecko) Chrome/38.0.2125.122 UBrowser/4.0.4843.1 Safari/537.36', '2015-05-19 16:34:32', 1, 1, 1),
(63, 'Mozilla/5.0 (Windows NT 6.1; WOW64) AppleWebKit/537.36 (KHTML, like Gecko) Chrome/38.0.2125.122 UBrowser/4.0.4843.1 Safari/537.36', '2015-05-20 15:18:31', 1, 1, 1),
(64, 'Mozilla/5.0 (Windows NT 6.1; WOW64) AppleWebKit/537.36 (KHTML, like Gecko) Chrome/38.0.2125.122 UBrowser/4.0.4843.1 Safari/537.36', '2015-05-20 15:43:01', 1, 1, 1),
(65, 'Mozilla/5.0 (Windows NT 6.1; WOW64) AppleWebKit/537.36 (KHTML, like Gecko) Chrome/38.0.2125.122 UBrowser/4.0.4843.1 Safari/537.36', '2015-05-21 16:30:21', 1, 1, 1),
(66, 'Mozilla/5.0 (Windows NT 6.1; WOW64) AppleWebKit/537.36 (KHTML, like Gecko) Chrome/38.0.2125.122 UBrowser/4.0.4843.1 Safari/537.36', '2015-05-25 12:01:05', 1, 1, 1),
(67, 'Mozilla/5.0 (Windows NT 6.1; WOW64) AppleWebKit/537.36 (KHTML, like Gecko) Chrome/38.0.2125.122 UBrowser/4.0.4843.1 Safari/537.36', '2015-06-03 16:53:01', 1, 1, 1),
(68, 'Mozilla/5.0 (Windows NT 6.1; WOW64) AppleWebKit/537.36 (KHTML, like Gecko) Chrome/38.0.2125.122 UBrowser/4.0.4843.1 Safari/537.36', '2015-06-04 11:05:07', 1, 1, 1),
(69, 'Mozilla/5.0 (Windows NT 6.1; WOW64) AppleWebKit/537.36 (KHTML, like Gecko) Chrome/38.0.2125.122 UBrowser/4.0.4843.1 Safari/537.36', '2015-06-05 09:22:21', 1, 1, 1),
(70, 'Mozilla/5.0 (Windows NT 6.1; WOW64) AppleWebKit/537.36 (KHTML, like Gecko) Chrome/38.0.2125.122 UBrowser/4.0.4843.1 Safari/537.36', '2015-06-06 12:22:53', 1, 1, 1),
(71, 'Mozilla/5.0 (Windows NT 6.1; WOW64) AppleWebKit/537.36 (KHTML, like Gecko) Chrome/38.0.2125.122 UBrowser/4.0.4843.1 Safari/537.36', '2015-06-06 14:01:48', 1, 1, 1),
(72, 'Mozilla/5.0 (Windows NT 6.1; WOW64) AppleWebKit/537.36 (KHTML, like Gecko) Chrome/38.0.2125.122 UBrowser/4.0.4843.1 Safari/537.36', '2015-06-08 09:36:24', 1, 1, 1),
(73, 'Mozilla/5.0 (Windows NT 6.1; WOW64) AppleWebKit/537.36 (KHTML, like Gecko) Chrome/38.0.2125.122 UBrowser/4.0.4843.1 Safari/537.36', '2015-06-08 11:21:04', 1, 1, 1),
(74, 'Mozilla/5.0 (Windows NT 6.1; WOW64) AppleWebKit/537.36 (KHTML, like Gecko) Chrome/38.0.2125.122 UBrowser/4.0.4843.1 Safari/537.36', '2015-06-08 16:04:25', 1, 1, 1),
(75, 'Mozilla/5.0 (Windows NT 6.1; WOW64) AppleWebKit/537.36 (KHTML, like Gecko) Chrome/38.0.2125.122 UBrowser/4.0.4843.1 Safari/537.36', '2015-06-09 09:26:53', 1, 1, 1),
(76, 'Mozilla/5.0 (Windows NT 6.1; WOW64) AppleWebKit/537.36 (KHTML, like Gecko) Chrome/38.0.2125.122 UBrowser/4.0.4843.1 Safari/537.36', '2015-06-10 09:50:35', 1, 1, 1),
(77, 'Mozilla/5.0 (Windows NT 6.1; WOW64) AppleWebKit/537.36 (KHTML, like Gecko) Chrome/38.0.2125.122 UBrowser/4.0.4843.1 Safari/537.36', '2015-06-11 11:08:59', 1, 1, 1),
(78, 'Mozilla/5.0 (Windows NT 6.1; WOW64) AppleWebKit/537.36 (KHTML, like Gecko) Chrome/38.0.2125.122 UBrowser/4.0.4843.1 Safari/537.36', '2015-06-12 15:21:39', 1, 1, 1),
(79, 'Mozilla/5.0 (Windows NT 6.1; WOW64) AppleWebKit/537.36 (KHTML, like Gecko) Chrome/38.0.2125.122 UBrowser/4.0.4843.1 Safari/537.36', '2015-06-12 16:36:05', 1, 1, 1),
(80, 'Mozilla/5.0 (Windows NT 6.1; WOW64) AppleWebKit/537.36 (KHTML, like Gecko) Chrome/38.0.2125.122 UBrowser/4.0.4843.1 Safari/537.36', '2015-06-12 17:15:42', 1, 1, 1),
(81, 'Mozilla/5.0 (Windows NT 6.1; WOW64) AppleWebKit/537.36 (KHTML, like Gecko) Chrome/38.0.2125.122 UBrowser/4.0.4843.1 Safari/537.36', '2015-06-17 09:32:23', 1, 1, 1),
(82, 'Mozilla/5.0 (Windows NT 6.1; WOW64) AppleWebKit/537.36 (KHTML, like Gecko) Chrome/38.0.2125.122 UBrowser/4.0.4843.1 Safari/537.36', '2015-06-17 16:17:09', 1, 1, 1),
(83, 'Mozilla/5.0 (Windows NT 6.1; WOW64) AppleWebKit/537.36 (KHTML, like Gecko) Chrome/38.0.2125.122 UBrowser/4.0.4843.1 Safari/537.36', '2015-06-23 14:20:25', 1, 1, 1),
(84, 'Mozilla/5.0 (Windows NT 6.1; WOW64) AppleWebKit/537.36 (KHTML, like Gecko) Chrome/38.0.2125.122 UBrowser/4.0.4843.1 Safari/537.36', '2015-06-23 16:04:05', 1, 1, 1),
(85, 'Mozilla/5.0 (Windows NT 6.1; WOW64) AppleWebKit/537.36 (KHTML, like Gecko) Chrome/38.0.2125.122 UBrowser/4.0.4843.1 Safari/537.36', '2015-06-24 13:41:55', 1, 1, 1),
(86, 'Mozilla/5.0 (Windows NT 6.1; WOW64) AppleWebKit/537.36 (KHTML, like Gecko) Chrome/34.0.1847.116 Safari/537.36', '2015-06-24 15:32:28', 1, 1, 1),
(87, 'Mozilla/5.0 (Windows NT 6.1; WOW64) AppleWebKit/537.36 (KHTML, like Gecko) Chrome/38.0.2125.122 UBrowser/4.0.4843.1 Safari/537.36', '2015-06-24 17:42:57', 1, 1, 1),
(88, 'Mozilla/5.0 (Windows NT 6.1; WOW64) AppleWebKit/537.36 (KHTML, like Gecko) Chrome/38.0.2125.122 UBrowser/4.0.4843.1 Safari/537.36', '2015-06-25 09:52:53', 1, 1, 1),
(89, 'Mozilla/5.0 (Windows NT 6.1; WOW64) AppleWebKit/537.36 (KHTML, like Gecko) Chrome/38.0.2125.122 UBrowser/4.0.4843.1 Safari/537.36', '2015-06-25 11:22:50', 1, 1, 1),
(90, 'Mozilla/5.0 (Windows NT 6.1; WOW64) AppleWebKit/537.36 (KHTML, like Gecko) Chrome/38.0.2125.122 UBrowser/4.0.4843.1 Safari/537.36', '2015-06-25 15:13:18', 1, 1, 1),
(91, 'Mozilla/5.0 (Windows NT 6.1; WOW64) AppleWebKit/537.36 (KHTML, like Gecko) Chrome/38.0.2125.122 UBrowser/4.0.4843.1 Safari/537.36', '2015-06-26 08:51:10', 1, 1, 1),
(92, 'Mozilla/5.0 (Windows NT 6.1; WOW64) AppleWebKit/537.36 (KHTML, like Gecko) Chrome/38.0.2125.122 UBrowser/4.0.4843.1 Safari/537.36', '2015-06-26 09:37:20', 1, 1, 1),
(93, 'Mozilla/5.0 (Windows NT 6.1; WOW64) AppleWebKit/537.36 (KHTML, like Gecko) Chrome/38.0.2125.122 UBrowser/4.0.4843.1 Safari/537.36', '2015-06-26 15:58:50', 1, 1, 1),
(94, 'Mozilla/5.0 (Windows NT 6.1; WOW64) AppleWebKit/537.36 (KHTML, like Gecko) Chrome/38.0.2125.122 UBrowser/4.0.4843.1 Safari/537.36', '2015-06-29 11:38:31', 1, 1, 1),
(95, 'Mozilla/5.0 (Windows NT 6.1; WOW64) AppleWebKit/537.36 (KHTML, like Gecko) Chrome/34.0.1847.116 Safari/537.36', '2015-06-29 17:48:28', 1, 1, 1),
(96, 'Mozilla/5.0 (Windows NT 6.1; WOW64) AppleWebKit/537.36 (KHTML, like Gecko) Chrome/38.0.2125.122 UBrowser/4.0.4843.1 Safari/537.36', '2015-06-30 11:12:05', 1, 1, 1),
(97, 'Mozilla/5.0 (Windows NT 6.1; WOW64) AppleWebKit/537.36 (KHTML, like Gecko) Chrome/38.0.2125.122 UBrowser/4.0.4843.1 Safari/537.36', '2015-06-30 14:05:25', 1, 1, 1),
(98, 'Mozilla/5.0 (Windows NT 6.1; WOW64) AppleWebKit/537.36 (KHTML, like Gecko) Chrome/34.0.1847.116 Safari/537.36', '2015-07-01 15:26:10', 1, 1, 1),
(99, 'Mozilla/5.0 (Windows NT 6.1; WOW64) AppleWebKit/537.36 (KHTML, like Gecko) Chrome/38.0.2125.122 UBrowser/4.0.4843.1 Safari/537.36', '2015-07-01 15:27:48', 1, 1, 1),
(100, 'Mozilla/5.0 (Windows NT 6.1; WOW64) AppleWebKit/537.36 (KHTML, like Gecko) Chrome/38.0.2125.122 UBrowser/4.0.4843.1 Safari/537.36', '2015-07-02 09:02:20', 1, 1, 1),
(101, 'Mozilla/5.0 (Windows NT 6.1; WOW64) AppleWebKit/537.36 (KHTML, like Gecko) Chrome/38.0.2125.122 UBrowser/4.0.4843.1 Safari/537.36', '2015-07-03 17:52:01', 1, 1, 1),
(102, 'Mozilla/5.0 (Windows NT 6.1; WOW64) AppleWebKit/537.36 (KHTML, like Gecko) Chrome/38.0.2125.122 UBrowser/4.0.4843.1 Safari/537.36', '2015-07-04 10:34:22', 1, 1, 1),
(103, 'Mozilla/5.0 (Windows NT 6.1; WOW64) AppleWebKit/537.36 (KHTML, like Gecko) Chrome/38.0.2125.122 UBrowser/4.0.4843.1 Safari/537.36', '2015-07-04 16:45:46', 1, 1, 1),
(104, 'Mozilla/5.0 (Windows NT 6.1; WOW64) AppleWebKit/537.36 (KHTML, like Gecko) Chrome/38.0.2125.122 UBrowser/4.0.4843.1 Safari/537.36', '2015-07-05 13:38:04', 1, 1, 1),
(105, 'Mozilla/5.0 (Windows NT 6.1; WOW64) AppleWebKit/537.36 (KHTML, like Gecko) Chrome/38.0.2125.122 UBrowser/4.0.4843.1 Safari/537.36', '2015-07-05 13:38:49', 1, 1, 1),
(106, 'Mozilla/5.0 (Windows NT 6.1; WOW64) AppleWebKit/537.36 (KHTML, like Gecko) Chrome/38.0.2125.122 UBrowser/4.0.4843.1 Safari/537.36', '2015-07-07 14:48:14', 1, 1, 1),
(107, 'Mozilla/5.0 (Windows NT 10.0; WOW64) AppleWebKit/537.36 (KHTML, like Gecko) Chrome/44.0.2403.125 Safari/537.36', '2015-07-31 23:15:43', 1, 1, 4),
(108, 'Mozilla/5.0 (Windows NT 10.0; WOW64) AppleWebKit/537.36 (KHTML, like Gecko) Chrome/44.0.2403.125 Safari/537.36', '2015-08-07 18:46:04', 1, 1, 4),
(109, 'Mozilla/5.0 (Windows NT 10.0; WOW64) AppleWebKit/537.36 (KHTML, like Gecko) Chrome/44.0.2403.125 Safari/537.36', '2015-08-07 21:28:47', 1, 1, 4),
(110, 'Mozilla/5.0 (Windows NT 10.0; WOW64) AppleWebKit/537.36 (KHTML, like Gecko) Chrome/44.0.2403.125 Safari/537.36', '2015-08-07 21:32:11', 1, 1, 4),
(111, 'Mozilla/5.0 (Windows NT 6.1; WOW64) AppleWebKit/537.36 (KHTML, like Gecko) Chrome/43.0.2357.81 Safari/537.36', '2015-08-09 18:55:24', 1, 1, 5),
(112, 'Mozilla/5.0 (Windows NT 6.1; WOW64) AppleWebKit/537.36 (KHTML, like Gecko) Chrome/44.0.2403.125 Safari/537.36', '2015-09-11 16:17:12', 1, 1, 1);

-- --------------------------------------------------------

--
-- 表的结构 `user_project`
--

CREATE TABLE IF NOT EXISTS `user_project` (
`id` int(11) NOT NULL,
  `userID` int(11) NOT NULL DEFAULT '0',
  `projectID` int(11) NOT NULL DEFAULT '0'
) ENGINE=InnoDB AUTO_INCREMENT=14 DEFAULT CHARSET=latin1;

--
-- 转存表中的数据 `user_project`
--

INSERT INTO `user_project` (`id`, `userID`, `projectID`) VALUES
(1, 1, 1),
(2, 1, 2),
(3, 1, 3),
(4, 1, 4),
(5, 2, 3),
(6, 2, 4),
(7, 1, 7),
(8, 1, 8),
(9, 1, 9),
(10, 1, 10),
(11, 1, 11),
(12, 2, 11),
(13, 3, 11);

-- --------------------------------------------------------

--
-- 表的结构 `user_team`
--

CREATE TABLE IF NOT EXISTS `user_team` (
`id` int(11) NOT NULL,
  `userID` int(11) NOT NULL DEFAULT '0',
  `teamID` int(11) NOT NULL DEFAULT '0',
  `type` int(11) NOT NULL DEFAULT '0' COMMENT '1-超级管理员；2-管理员；3-成员；4-游客',
  `activeTime` timestamp NULL DEFAULT NULL COMMENT '活跃时间',
  `subgroupID` int(11) NOT NULL DEFAULT '0' COMMENT '小组id'
) ENGINE=InnoDB AUTO_INCREMENT=13 DEFAULT CHARSET=utf8 COLLATE=utf8_bin COMMENT='用户-团队关系';

--
-- 转存表中的数据 `user_team`
--

INSERT INTO `user_team` (`id`, `userID`, `teamID`, `type`, `activeTime`, `subgroupID`) VALUES
(1, 1, 1, 1, '2015-09-18 01:42:58', 0),
(2, 1, 2, 1, '2015-05-21 09:30:41', 0),
(3, 2, 1, 3, '2015-04-09 02:25:55', 4),
(4, 1, 3, 1, '2015-09-06 03:33:51', 0),
(5, 1, 4, 1, '2015-08-07 11:59:39', 0),
(6, 1, 5, 1, '2015-05-21 09:30:47', 0),
(7, 1, 6, 1, '2015-02-28 07:02:50', 0),
(8, 3, 1, 3, '2015-01-31 16:00:00', 6),
(9, 1, 7, 1, '2015-08-07 13:34:54', 0),
(10, 1, 8, 1, '2015-07-21 09:00:22', 0),
(11, 1, 9, 1, '2015-07-21 09:32:00', 0),
(12, 1, 10, 1, '2015-08-01 16:34:50', 0);

--
-- Indexes for dumped tables
--

--
-- Indexes for table `calendar`
--
ALTER TABLE `calendar`
 ADD PRIMARY KEY (`id`);

--
-- Indexes for table `collect`
--
ALTER TABLE `collect`
 ADD PRIMARY KEY (`id`);

--
-- Indexes for table `comment`
--
ALTER TABLE `comment`
 ADD PRIMARY KEY (`id`);

--
-- Indexes for table `dir`
--
ALTER TABLE `dir`
 ADD PRIMARY KEY (`id`);

--
-- Indexes for table `discuss`
--
ALTER TABLE `discuss`
 ADD PRIMARY KEY (`id`);

--
-- Indexes for table `doc`
--
ALTER TABLE `doc`
 ADD PRIMARY KEY (`id`);

--
-- Indexes for table `event`
--
ALTER TABLE `event`
 ADD PRIMARY KEY (`id`);

--
-- Indexes for table `event_user`
--
ALTER TABLE `event_user`
 ADD PRIMARY KEY (`id`);

--
-- Indexes for table `file`
--
ALTER TABLE `file`
 ADD PRIMARY KEY (`id`);

--
-- Indexes for table `ip`
--
ALTER TABLE `ip`
 ADD PRIMARY KEY (`id`), ADD UNIQUE KEY `value` (`value`);

--
-- Indexes for table `item`
--
ALTER TABLE `item`
 ADD PRIMARY KEY (`id`);

--
-- Indexes for table `operation`
--
ALTER TABLE `operation`
 ADD PRIMARY KEY (`id`);

--
-- Indexes for table `project`
--
ALTER TABLE `project`
 ADD PRIMARY KEY (`id`);

--
-- Indexes for table `relevance`
--
ALTER TABLE `relevance`
 ADD PRIMARY KEY (`id`);

--
-- Indexes for table `subgroup`
--
ALTER TABLE `subgroup`
 ADD PRIMARY KEY (`id`);

--
-- Indexes for table `task`
--
ALTER TABLE `task`
 ADD PRIMARY KEY (`id`);

--
-- Indexes for table `team`
--
ALTER TABLE `team`
 ADD PRIMARY KEY (`id`), ADD UNIQUE KEY `code` (`code`);

--
-- Indexes for table `topic`
--
ALTER TABLE `topic`
 ADD PRIMARY KEY (`id`);

--
-- Indexes for table `user`
--
ALTER TABLE `user`
 ADD PRIMARY KEY (`id`), ADD UNIQUE KEY `accessToken` (`accessToken`);

--
-- Indexes for table `user_calendar`
--
ALTER TABLE `user_calendar`
 ADD PRIMARY KEY (`id`);

--
-- Indexes for table `user_comment`
--
ALTER TABLE `user_comment`
 ADD PRIMARY KEY (`id`);

--
-- Indexes for table `user_log`
--
ALTER TABLE `user_log`
 ADD PRIMARY KEY (`id`);

--
-- Indexes for table `user_project`
--
ALTER TABLE `user_project`
 ADD PRIMARY KEY (`id`);

--
-- Indexes for table `user_team`
--
ALTER TABLE `user_team`
 ADD PRIMARY KEY (`id`);

--
-- AUTO_INCREMENT for dumped tables
--

--
-- AUTO_INCREMENT for table `calendar`
--
ALTER TABLE `calendar`
MODIFY `id` int(11) NOT NULL AUTO_INCREMENT,AUTO_INCREMENT=8;
--
-- AUTO_INCREMENT for table `collect`
--
ALTER TABLE `collect`
MODIFY `id` int(11) NOT NULL AUTO_INCREMENT,AUTO_INCREMENT=10;
--
-- AUTO_INCREMENT for table `comment`
--
ALTER TABLE `comment`
MODIFY `id` int(11) NOT NULL AUTO_INCREMENT,AUTO_INCREMENT=64;
--
-- AUTO_INCREMENT for table `dir`
--
ALTER TABLE `dir`
MODIFY `id` int(11) NOT NULL AUTO_INCREMENT,AUTO_INCREMENT=42;
--
-- AUTO_INCREMENT for table `discuss`
--
ALTER TABLE `discuss`
MODIFY `id` int(11) NOT NULL AUTO_INCREMENT,AUTO_INCREMENT=39;
--
-- AUTO_INCREMENT for table `doc`
--
ALTER TABLE `doc`
MODIFY `id` int(11) NOT NULL AUTO_INCREMENT,AUTO_INCREMENT=9;
--
-- AUTO_INCREMENT for table `event`
--
ALTER TABLE `event`
MODIFY `id` int(11) NOT NULL AUTO_INCREMENT,AUTO_INCREMENT=13;
--
-- AUTO_INCREMENT for table `event_user`
--
ALTER TABLE `event_user`
MODIFY `id` int(11) NOT NULL AUTO_INCREMENT,AUTO_INCREMENT=14;
--
-- AUTO_INCREMENT for table `file`
--
ALTER TABLE `file`
MODIFY `id` int(11) NOT NULL AUTO_INCREMENT,AUTO_INCREMENT=2;
--
-- AUTO_INCREMENT for table `ip`
--
ALTER TABLE `ip`
MODIFY `id` int(11) NOT NULL AUTO_INCREMENT,AUTO_INCREMENT=6;
--
-- AUTO_INCREMENT for table `item`
--
ALTER TABLE `item`
MODIFY `id` int(11) NOT NULL AUTO_INCREMENT,AUTO_INCREMENT=38;
--
-- AUTO_INCREMENT for table `operation`
--
ALTER TABLE `operation`
MODIFY `id` int(11) NOT NULL AUTO_INCREMENT,AUTO_INCREMENT=444;
--
-- AUTO_INCREMENT for table `project`
--
ALTER TABLE `project`
MODIFY `id` int(11) NOT NULL AUTO_INCREMENT,AUTO_INCREMENT=12;
--
-- AUTO_INCREMENT for table `relevance`
--
ALTER TABLE `relevance`
MODIFY `id` int(11) NOT NULL AUTO_INCREMENT,AUTO_INCREMENT=101;
--
-- AUTO_INCREMENT for table `subgroup`
--
ALTER TABLE `subgroup`
MODIFY `id` int(11) NOT NULL AUTO_INCREMENT,AUTO_INCREMENT=13;
--
-- AUTO_INCREMENT for table `task`
--
ALTER TABLE `task`
MODIFY `id` int(11) NOT NULL AUTO_INCREMENT,AUTO_INCREMENT=31;
--
-- AUTO_INCREMENT for table `team`
--
ALTER TABLE `team`
MODIFY `id` int(11) NOT NULL AUTO_INCREMENT,AUTO_INCREMENT=11;
--
-- AUTO_INCREMENT for table `topic`
--
ALTER TABLE `topic`
MODIFY `id` int(11) NOT NULL AUTO_INCREMENT,AUTO_INCREMENT=34;
--
-- AUTO_INCREMENT for table `user`
--
ALTER TABLE `user`
MODIFY `id` int(11) NOT NULL AUTO_INCREMENT,AUTO_INCREMENT=4;
--
-- AUTO_INCREMENT for table `user_calendar`
--
ALTER TABLE `user_calendar`
MODIFY `id` int(11) NOT NULL AUTO_INCREMENT;
--
-- AUTO_INCREMENT for table `user_comment`
--
ALTER TABLE `user_comment`
MODIFY `id` int(11) NOT NULL AUTO_INCREMENT;
--
-- AUTO_INCREMENT for table `user_log`
--
ALTER TABLE `user_log`
MODIFY `id` int(11) NOT NULL AUTO_INCREMENT,AUTO_INCREMENT=113;
--
-- AUTO_INCREMENT for table `user_project`
--
ALTER TABLE `user_project`
MODIFY `id` int(11) NOT NULL AUTO_INCREMENT,AUTO_INCREMENT=14;
--
-- AUTO_INCREMENT for table `user_team`
--
ALTER TABLE `user_team`
MODIFY `id` int(11) NOT NULL AUTO_INCREMENT,AUTO_INCREMENT=13;
/*!40101 SET CHARACTER_SET_CLIENT=@OLD_CHARACTER_SET_CLIENT */;
/*!40101 SET CHARACTER_SET_RESULTS=@OLD_CHARACTER_SET_RESULTS */;
/*!40101 SET COLLATION_CONNECTION=@OLD_COLLATION_CONNECTION */;
